C,N,Vb,Vc,Fat,cellulose,Weightgain
0.383166467,0.018631924,0.150607531,0.064573623,0.613646709,-0.334240945,0.0881
-0.701424954,-0.915368399,-0.650456143,-0.755704938,-0.73040824,1.285931362,0.1291
-0.33989448,1.263965689,-0.650456143,-0.846847,-0.282389923,-0.797875159,0.0581
-1.062955428,-0.915368399,-0.294427843,0.064573623,1.509683342,1.474441976,0.0531
-1.062955428,1.263965689,0.150607531,-0.391136688,-0.73040824,-0.308766538,0.178
3.275410258,1.263965689,-0.650456143,-0.391136688,-0.282389923,-0.797875159,0.0612
0.383166467,-0.604034958,-0.650456143,-0.846847,1.509683342,0.27204995,0.1148
1.829288363,-1.226701841,-0.650456143,-0.391136688,0.613646709,-0.262912604,0.0355
1.829288363,-0.915368399,0.150607531,-0.846847,-0.282389923,-0.538036204,0.0343
-0.33989448,1.263965689,3.710890527,0.064573623,-0.282389923,-0.797875159,0.1422
-0.701424954,1.263965689,-0.294427843,-0.846847,0.613646709,-0.512561796,0.1349
-1.062955428,-0.915368399,-0.294427843,0.064573623,1.509683342,1.474441976,0.046
0.383166467,1.263965689,-0.739463218,-0.755704938,-0.282389923,-1.256414491,0.1587
-0.33989448,0.018631924,1.930749029,-0.846847,-0.73040824,0.124298387,0.1586
1.829288363,-0.915368399,0.150607531,-0.846847,-0.282389923,-0.538036204,0.0665
-0.33989448,1.263965689,-0.650456143,0.064573623,-1.178426556,-0.797875159,0.1642
-0.701424954,-1.226701841,1.930749029,0.064573623,-0.282389923,1.34706994,0.0597
-1.062955428,-0.604034958,1.930749029,-0.755704938,0.613646709,1.138179799,0.0643
-1.062955428,-0.604034958,1.930749029,-0.755704938,0.613646709,1.138179799,0.072
1.829288363,-1.226701841,-0.650456143,-0.391136688,0.613646709,-0.262912604,0.0448
0.383166467,0.018631924,0.150607531,0.064573623,0.613646709,-0.334240945,0.1229
-0.701424954,-0.915368399,-0.650456143,-0.755704938,-0.73040824,1.285931362,0.1057
-1.062955428,1.263965689,0.150607531,-0.391136688,-0.73040824,-0.308766538,0.1706
-0.33989448,-0.604034958,-0.294427843,-0.391136688,-0.282389923,0.735684163,0.1422
1.829288363,0.018631924,-0.294427843,-0.755704938,-1.178426556,-1.281888898,0.106
-0.33989448,1.263965689,-0.650456143,0.064573623,-1.178426556,-0.797875159,0.1666
-1.062955428,-0.604034958,1.930749029,-0.755704938,0.613646709,1.138179799,0.1299
-0.33989448,1.263965689,-0.650456143,0.064573623,-1.178426556,-0.797875159,0.1524
-0.33989448,-1.226701841,0.150607531,-0.755704938,1.509683342,1.240077429,0.0361
3.275410258,1.263965689,-0.650456143,-0.391136688,-0.282389923,-0.797875159,0.0509
-1.062955428,-0.604034958,1.930749029,-0.755704938,0.613646709,1.138179799,0.0793
-0.701424954,-0.604034958,0.150607531,1.88741487,-1.178426556,0.837581793,0.1354
-0.33989448,1.263965689,-0.650456143,0.064573623,4.197793241,-0.797875159,0.0549
3.275410258,1.263965689,-0.650456143,-0.391136688,-0.282389923,-0.797875159,0.0503
-0.701424954,-0.604034958,0.150607531,1.88741487,-1.178426556,0.837581793,0.1122
1.829288363,-0.604034958,-0.739463218,0.064573623,-0.73040824,-0.792780277,0.0793
-0.33989448,-0.915368399,-0.739463218,1.88741487,0.613646709,0.888530607,0.0606
-0.701424954,-1.226701841,1.930749029,0.064573623,-0.282389923,1.34706994,0.0357
1.106227415,1.263965689,-0.650456143,-0.391136688,-0.282389923,-0.797875159,0.1624
0.383166467,1.263965689,-0.650456143,-0.391136688,-0.282389923,-0.797875159,0.2017
-0.33989448,1.263965689,-0.650456143,-0.846847,-0.282389923,-0.797875159,0.0688
-0.701424954,-0.915368399,-0.650456143,-0.755704938,-0.73040824,1.285931362,0.1316
-0.33989448,-0.915368399,-0.739463218,1.88741487,0.613646709,0.888530607,0.1067
-1.062955428,-1.226701841,-0.739463218,-0.846847,-1.178426556,1.805609272,0.0515
-0.33989448,1.263965689,-0.650456143,-0.391136688,-0.282389923,-0.797875159,0.1757
-1.062955428,-0.915368399,-0.294427843,0.064573623,1.509683342,1.474441976,0.088
-1.062955428,-0.604034958,1.930749029,-0.755704938,0.613646709,1.138179799,0.153
-1.062955428,-1.226701841,-0.739463218,-0.846847,-1.178426556,1.805609272,0.0424
-0.33989448,1.263965689,-0.650456143,3.710256118,-0.282389923,-0.797875159,0.1697
-0.33989448,1.263965689,-0.650456143,-0.846847,-0.282389923,-0.797875159,0.0544
-0.33989448,1.263965689,-0.650456143,-0.755704938,-0.282389923,-0.797875159,0.1303
-0.701424954,0.018631924,-0.739463218,-0.391136688,1.509683342,0.506414497,0.1941
-1.062955428,-0.604034958,1.930749029,-0.755704938,0.613646709,1.138179799,0.1154
-1.062955428,-1.226701841,-0.739463218,-0.846847,-1.178426556,1.805609272,0.0449
0.383166467,-0.604034958,-0.650456143,-0.846847,1.509683342,0.27204995,0.0768
-0.33989448,1.263965689,-0.650456143,0.064573623,1.509683342,-0.797875159,0.0728
1.829288363,0.018631924,-0.294427843,-0.755704938,-1.178426556,-1.281888898,0.1336
1.829288363,0.018631924,-0.294427843,-0.755704938,-1.178426556,-1.281888898,0.1073
-0.701424954,1.263965689,-0.294427843,-0.846847,0.613646709,-0.512561796,0.1332
-0.701424954,1.263965689,-0.294427843,-0.846847,0.613646709,-0.512561796,0.1623
1.829288363,1.263965689,1.930749029,1.88741487,1.509683342,-2.575988791,0.0527
0.383166467,-0.915368399,1.930749029,-0.391136688,-1.178426556,0.353568053,0.1122
0.383166467,0.018631924,0.150607531,0.064573623,0.613646709,-0.334240945,0.0929
-1.062955428,-0.604034958,1.930749029,-0.755704938,0.613646709,1.138179799,0.1006
0.383166467,0.018631924,0.150607531,0.064573623,0.613646709,-0.334240945,0.0876
-1.062955428,0.018631924,-0.650456143,1.88741487,-0.282389923,0.628691653,0.0839
1.829288363,-0.915368399,0.150607531,-0.846847,-0.282389923,-0.538036204,0.0737
-0.33989448,1.263965689,-0.650456143,0.064573623,-1.178426556,-0.797875159,0.1797
-0.701424954,-0.604034958,0.150607531,1.88741487,-1.178426556,0.837581793,0.0776
-1.062955428,-0.604034958,1.930749029,-0.755704938,0.613646709,1.138179799,0.1061
-0.701424954,-1.226701841,1.930749029,0.064573623,-0.282389923,1.34706994,0.0232
1.829288363,0.018631924,-0.294427843,-0.755704938,-1.178426556,-1.281888898,0.084
0.383166467,1.263965689,-0.739463218,-0.755704938,-0.282389923,-1.256414491,0.1268
-0.33989448,0.018631924,1.930749029,-0.846847,-0.73040824,0.124298387,0.0972
-1.062955428,0.018631924,-0.650456143,1.88741487,-0.282389923,0.628691653,0.1495
1.829288363,1.263965689,1.930749029,1.88741487,1.509683342,-2.575988791,0.0504
-0.33989448,1.263965689,-0.650456143,-0.755704938,-0.282389923,-0.797875159,0.1231
1.829288363,-0.604034958,-0.739463218,0.064573623,-0.73040824,-0.792780277,0.0984
-0.33989448,1.263965689,-0.650456143,-0.391136688,-0.282389923,-0.797875159,0.1121
-0.33989448,1.263965689,-0.650456143,0.064573623,0.613646709,-0.797875159,0.12656
1.829288363,-0.915368399,0.150607531,-0.846847,-0.282389923,-0.538036204,0.0834
0.383166467,1.263965689,-0.650456143,-0.391136688,-0.282389923,-0.797875159,0.1746
-0.33989448,1.263965689,-0.650456143,0.064573623,-0.282389923,-0.797875159,0.2396
-1.062955428,1.263965689,0.150607531,-0.391136688,-0.73040824,-0.308766538,0.132
-1.062955428,-0.915368399,-0.294427843,0.064573623,1.509683342,1.474441976,0.1273
-0.701424954,-0.915368399,-0.650456143,-0.755704938,-0.73040824,1.285931362,0.1138
-1.062955428,-0.915368399,-0.294427843,0.064573623,1.509683342,1.474441976,0.0846
-1.062955428,-1.226701841,-0.739463218,-0.846847,-1.178426556,1.805609272,0.0566
1.829288363,1.263965689,1.930749029,1.88741487,1.509683342,-2.575988791,0.0427
1.829288363,1.263965689,1.930749029,1.88741487,1.509683342,-2.575988791,0.0368
-0.33989448,1.263965689,3.710890527,0.064573623,-0.282389923,-0.797875159,0.1417
-0.33989448,1.263965689,-0.650456143,3.710256118,-0.282389923,-0.797875159,0.0997
1.106227415,1.263965689,-0.650456143,-0.391136688,-0.282389923,-0.797875159,0.2015
0.383166467,-0.915368399,1.930749029,-0.391136688,-1.178426556,0.353568053,0.0649
-0.33989448,-1.226701841,0.150607531,-0.755704938,1.509683342,1.240077429,0.0257
1.829288363,-0.604034958,-0.739463218,0.064573623,-0.73040824,-0.792780277,0.0517
-0.33989448,1.263965689,-0.650456143,0.064573623,-0.282389923,-0.797875159,0.1735
-0.701424954,-0.604034958,0.150607531,1.88741487,-1.178426556,0.837581793,0.1166
-0.701424954,0.018631924,-0.739463218,-0.391136688,1.509683342,0.506414497,0.1193
-0.33989448,0.018631924,1.930749029,-0.846847,-0.73040824,0.124298387,0.1768
-0.33989448,-0.915368399,-0.739463218,1.88741487,0.613646709,0.888530607,0.1037
-1.062955428,0.018631924,-0.650456143,1.88741487,-0.282389923,0.628691653,0.1038
-0.701424954,-0.915368399,-0.650456143,-0.755704938,-0.73040824,1.285931362,0.1088
-0.33989448,1.263965689,-0.650456143,0.064573623,1.509683342,-0.797875159,0.1393
-0.701424954,-0.604034958,0.150607531,1.88741487,-1.178426556,0.837581793,0.1062
-1.062955428,-0.915368399,-0.294427843,0.064573623,1.509683342,1.474441976,0.064
-0.33989448,1.263965689,-0.650456143,3.710256118,-0.282389923,-0.797875159,0.179
-1.062955428,-0.604034958,1.930749029,-0.755704938,0.613646709,1.138179799,0.1394
-0.33989448,0.018631924,1.930749029,-0.846847,-0.73040824,0.124298387,0.1069
1.829288363,-0.915368399,0.150607531,-0.846847,-0.282389923,-0.538036204,0.0819
-0.701424954,-1.226701841,1.930749029,0.064573623,-0.282389923,1.34706994,0.0349
-0.701424954,-0.604034958,0.150607531,1.88741487,-1.178426556,0.837581793,0.0299
0.383166467,-1.226701841,-0.294427843,1.88741487,-0.73040824,0.608312127,0.0532
-0.701424954,-1.226701841,1.930749029,0.064573623,-0.282389923,1.34706994,0.0205
-0.33989448,1.263965689,-0.650456143,0.064573623,1.509683342,-0.797875159,0.0576
0.383166467,-0.915368399,1.930749029,-0.391136688,-1.178426556,0.353568053,0.0892
-0.701424954,-1.226701841,1.930749029,0.064573623,-0.282389923,1.34706994,0.0357
-0.701424954,-0.604034958,0.150607531,1.88741487,-1.178426556,0.837581793,0.0355
3.275410258,1.263965689,-0.650456143,-0.391136688,-0.282389923,-0.797875159,0.0665
-0.33989448,0.018631924,1.930749029,-0.846847,-0.73040824,0.124298387,0.1523
-0.33989448,1.263965689,-0.650456143,-0.391136688,-0.282389923,-0.797875159,0.1686
-0.701424954,-1.226701841,1.930749029,0.064573623,-0.282389923,1.34706994,0.0589
-0.33989448,1.263965689,3.710890527,0.064573623,-0.282389923,-0.797875159,0.1296
-0.701424954,1.263965689,-0.294427843,-0.846847,0.613646709,-0.512561796,0.2043
-0.33989448,1.263965689,-0.650456143,0.064573623,-1.178426556,-0.797875159,0.1708
0.383166467,-0.915368399,1.930749029,-0.391136688,-1.178426556,0.353568053,0.0908
-0.33989448,-0.604034958,-0.294427843,-0.391136688,-0.282389923,0.735684163,0.1352
-0.701424954,0.018631924,-0.739463218,-0.391136688,1.509683342,0.506414497,0.1475
-0.701424954,1.263965689,-0.294427843,-0.846847,0.613646709,-0.512561796,0.1923
-1.062955428,-1.226701841,-0.739463218,-0.846847,-1.178426556,1.805609272,0.0522
-0.33989448,-0.604034958,-0.294427843,-0.391136688,-0.282389923,0.735684163,0.0723
-0.33989448,1.263965689,-0.650456143,0.064573623,-1.178426556,-0.797875159,0.1546
0.383166467,-1.226701841,-0.294427843,1.88741487,-0.73040824,0.608312127,0.0205
-0.33989448,1.263965689,-0.650456143,0.064573623,-1.178426556,-0.797875159,0.1643
-0.33989448,-0.604034958,-0.294427843,-0.391136688,-0.282389923,0.735684163,0.0721
-1.062955428,-0.915368399,-0.294427843,0.064573623,1.509683342,1.474441976,0.1199
3.275410258,1.263965689,-0.650456143,-0.391136688,-0.282389923,-0.797875159,0.062
-0.33989448,0.018631924,1.930749029,-0.846847,-0.73040824,0.124298387,0.1523
1.829288363,-1.226701841,-0.650456143,-0.391136688,0.613646709,-0.262912604,0.0357
-1.062955428,0.018631924,-0.650456143,1.88741487,-0.282389923,0.628691653,0.1529
-0.701424954,-0.915368399,-0.650456143,-0.755704938,-0.73040824,1.285931362,0.0501
1.829288363,-1.226701841,-0.650456143,-0.391136688,0.613646709,-0.262912604,0.0703
-1.062955428,1.263965689,0.150607531,-0.391136688,-0.73040824,-0.308766538,0.1431
0.383166467,-0.915368399,1.930749029,-0.391136688,-1.178426556,0.353568053,0.1231
-0.33989448,-0.915368399,-0.739463218,1.88741487,0.613646709,0.888530607,0.0664
0.383166467,1.263965689,-0.739463218,-0.755704938,-0.282389923,-1.256414491,0.1393
-1.062955428,1.263965689,-0.650456143,-0.391136688,-0.282389923,-0.797875159,0.0736
-0.701424954,-0.915368399,-0.650456143,-0.755704938,-0.73040824,1.285931362,0.1436
0.383166467,-1.226701841,-0.294427843,1.88741487,-0.73040824,0.608312127,0.0177
-1.062955428,-1.226701841,-0.739463218,-0.846847,-1.178426556,1.805609272,0.0618
-0.701424954,-0.915368399,-0.650456143,-0.755704938,-0.73040824,1.285931362,0.0947
1.829288363,-1.226701841,-0.650456143,-0.391136688,0.613646709,-0.262912604,0.0651
-0.33989448,-0.915368399,-0.739463218,1.88741487,0.613646709,0.888530607,0.0381
1.829288363,0.018631924,-0.294427843,-0.755704938,-1.178426556,-1.281888898,0.1096
-1.062955428,1.263965689,0.150607531,-0.391136688,-0.73040824,-0.308766538,0.1441
-0.701424954,-1.226701841,1.930749029,0.064573623,-0.282389923,1.34706994,0.0578
-1.062955428,-1.226701841,-0.739463218,-0.846847,-1.178426556,1.805609272,0.0459
-0.33989448,1.263965689,-0.650456143,0.064573623,0.613646709,-0.797875159,0.1342
-0.701424954,-0.604034958,0.150607531,1.88741487,-1.178426556,0.837581793,0.062
1.829288363,-0.604034958,-0.739463218,0.064573623,-0.73040824,-0.792780277,0.1037
-1.062955428,0.018631924,-0.650456143,1.88741487,-0.282389923,0.628691653,0.1566
0.383166467,0.018631924,0.150607531,0.064573623,0.613646709,-0.334240945,0.1334
-1.062955428,1.263965689,0.150607531,-0.391136688,-0.73040824,-0.308766538,0.1706
-0.701424954,0.018631924,-0.739463218,-0.391136688,1.509683342,0.506414497,0.164
-0.33989448,1.263965689,-0.650456143,3.710256118,-0.282389923,-0.797875159,0.0864
1.829288363,-0.915368399,0.150607531,-0.846847,-0.282389923,-0.538036204,0.0917
-0.701424954,0.018631924,-0.739463218,-0.391136688,1.509683342,0.506414497,0.1775
-0.701424954,-1.226701841,1.930749029,0.064573623,-0.282389923,1.34706994,0.0364
-0.33989448,1.263965689,-0.650456143,3.710256118,-0.282389923,-0.797875159,0.1419
-0.701424954,-0.915368399,-0.650456143,-0.755704938,-0.73040824,1.285931362,0.1453
-0.701424954,1.263965689,-0.294427843,-0.846847,0.613646709,-0.512561796,0.1122
-0.33989448,-0.604034958,-0.294427843,-0.391136688,-0.282389923,0.735684163,0.1368
-0.33989448,-0.604034958,-0.294427843,-0.391136688,-0.282389923,0.735684163,0.1424
0.383166467,0.018631924,0.150607531,0.064573623,0.613646709,-0.334240945,0.0634
1.829288363,-0.604034958,-0.739463218,0.064573623,-0.73040824,-0.792780277,0.1042
-0.33989448,1.263965689,-0.650456143,0.064573623,-1.178426556,-0.797875159,0.1625
0.383166467,-1.226701841,-0.294427843,1.88741487,-0.73040824,0.608312127,0.0212
-0.701424954,0.018631924,-0.739463218,-0.391136688,1.509683342,0.506414497,0.1639
-0.33989448,-1.226701841,0.150607531,-0.755704938,1.509683342,1.240077429,0.0369
-0.33989448,-0.604034958,-0.294427843,-0.391136688,-0.282389923,0.735684163,0.091
1.829288363,-0.604034958,-0.739463218,0.064573623,-0.73040824,-0.792780277,0.0852
0.383166467,-0.604034958,-0.650456143,-0.846847,1.509683342,0.27204995,0.0413
-0.701424954,0.018631924,-0.739463218,-0.391136688,1.509683342,0.506414497,0.1944
0.383166467,0.018631924,0.150607531,0.064573623,0.613646709,-0.334240945,0.0447
-0.701424954,-0.604034958,0.150607531,1.88741487,-1.178426556,0.837581793,0.0655
-0.33989448,1.263965689,-0.650456143,0.064573623,4.197793241,-0.797875159,0.0591
-1.062955428,0.018631924,-0.650456143,1.88741487,-0.282389923,0.628691653,0.1104
-0.33989448,-1.226701841,0.150607531,-0.755704938,1.509683342,1.240077429,0.0293
0.383166467,-0.915368399,1.930749029,-0.391136688,-1.178426556,0.353568053,0.0763
-0.33989448,1.263965689,-0.650456143,-0.391136688,-0.282389923,-0.797875159,0.1687
-0.701424954,-0.604034958,0.150607531,1.88741487,-1.178426556,0.837581793,0.123
1.829288363,-0.604034958,-0.739463218,0.064573623,-0.73040824,-0.792780277,0.0618
1.829288363,0.018631924,-0.294427843,-0.755704938,-1.178426556,-1.281888898,0.1049
1.829288363,0.018631924,-0.294427843,-0.755704938,-1.178426556,-1.281888898,0.0889
-0.33989448,1.263965689,-0.650456143,-0.755704938,-0.282389923,-0.797875159,0.1348
1.106227415,1.263965689,-0.650456143,-0.391136688,-0.282389923,-0.797875159,0.1672
-0.33989448,-1.226701841,0.150607531,-0.755704938,1.509683342,1.240077429,0.0587
-0.701424954,1.263965689,-0.294427843,-0.846847,0.613646709,-0.512561796,0.2191
1.829288363,-1.226701841,-0.650456143,-0.391136688,0.613646709,-0.262912604,0.0762
-0.701424954,-1.226701841,1.930749029,0.064573623,-0.282389923,1.34706994,0.0166
-1.062955428,-1.226701841,-0.739463218,-0.846847,-1.178426556,1.805609272,0.0338
1.829288363,1.263965689,1.930749029,1.88741487,1.509683342,-2.575988791,0.0459
-1.062955428,-0.915368399,-0.294427843,0.064573623,1.509683342,1.474441976,0.0841
-0.33989448,1.263965689,-0.650456143,0.064573623,1.509683342,-0.797875159,0.0651
-0.33989448,-1.226701841,0.150607531,-0.755704938,1.509683342,1.240077429,0.0229
1.106227415,1.263965689,-0.650456143,-0.391136688,-0.282389923,-0.797875159,0.1688
-0.33989448,-0.604034958,-0.294427843,-0.391136688,-0.282389923,0.735684163,0.0812
1.829288363,1.263965689,1.930749029,1.88741487,1.509683342,-2.575988791,0.0314
1.829288363,-0.604034958,-0.739463218,0.064573623,-0.73040824,-0.792780277,0.0507
1.829288363,1.263965689,1.930749029,1.88741487,1.509683342,-2.575988791,0.0428
-0.33989448,1.263965689,-0.650456143,0.064573623,-1.178426556,-0.797875159,0.1375
0.383166467,0.018631924,0.150607531,0.064573623,0.613646709,-0.334240945,0.0321
0.383166467,-0.604034958,-0.650456143,-0.846847,1.509683342,0.27204995,0.1127
-1.062955428,1.263965689,0.150607531,-0.391136688,-0.73040824,-0.308766538,0.1751
1.829288363,-1.226701841,-0.650456143,-0.391136688,0.613646709,-0.262912604,0.061
-1.062955428,-0.915368399,-0.294427843,0.064573623,1.509683342,1.474441976,0.0508
-0.701424954,0.018631924,-0.739463218,-0.391136688,1.509683342,0.506414497,0.1747
-0.701424954,-0.915368399,-0.650456143,-0.755704938,-0.73040824,1.285931362,0.1067
-0.701424954,1.263965689,-0.294427843,-0.846847,0.613646709,-0.512561796,0.1286
-0.33989448,-0.604034958,-0.294427843,-0.391136688,-0.282389923,0.735684163,0.0939
1.829288363,-1.226701841,-0.650456143,-0.391136688,0.613646709,-0.262912604,0.0434
0.383166467,-0.604034958,-0.650456143,-0.846847,1.509683342,0.27204995,0.1435
1.829288363,-0.915368399,0.150607531,-0.846847,-0.282389923,-0.538036204,0.0809
-1.062955428,-0.604034958,1.930749029,-0.755704938,0.613646709,1.138179799,0.1021
-1.062955428,-0.604034958,1.930749029,-0.755704938,0.613646709,1.138179799,0.1342
-0.33989448,0.018631924,1.930749029,-0.846847,-0.73040824,0.124298387,0.122
-0.33989448,1.263965689,-0.650456143,3.710256118,-0.282389923,-0.797875159,0.1326
-0.33989448,1.263965689,-0.650456143,0.064573623,-1.178426556,-0.797875159,0.1897
1.829288363,0.018631924,-0.294427843,-0.755704938,-1.178426556,-1.281888898,0.0968
-0.33989448,1.263965689,-0.650456143,-0.755704938,-0.282389923,-0.797875159,0.114
1.829288363,0.018631924,-0.294427843,-0.755704938,-1.178426556,-1.281888898,0.0888
0.383166467,1.263965689,-0.650456143,-0.391136688,-0.282389923,-0.797875159,0.1832
-0.33989448,1.263965689,-0.650456143,-0.755704938,-0.282389923,-0.797875159,0.1138
-0.33989448,1.263965689,-0.650456143,0.064573623,4.197793241,-0.797875159,0.022
-0.33989448,1.263965689,0.150607531,0.064573623,-0.282389923,-0.797875159,0.1836
1.829288363,-1.226701841,-0.650456143,-0.391136688,0.613646709,-0.262912604,0.0456
-1.062955428,0.018631924,-0.650456143,1.88741487,-0.282389923,0.628691653,0.1391
0.383166467,1.263965689,-0.739463218,-0.755704938,-0.282389923,-1.256414491,0.1349
0.383166467,-0.604034958,-0.650456143,-0.846847,1.509683342,0.27204995,0.119
-1.062955428,0.018631924,-0.650456143,1.88741487,-0.282389923,0.628691653,0.104
-1.062955428,0.018631924,-0.650456143,1.88741487,-0.282389923,0.628691653,0.1059
-0.33989448,-0.604034958,-0.294427843,-0.391136688,-0.282389923,0.735684163,0.0805
-0.33989448,-0.915368399,-0.739463218,1.88741487,0.613646709,0.888530607,0.0763
-0.33989448,-0.604034958,-0.294427843,-0.391136688,-0.282389923,0.735684163,0.0597
0.383166467,0.018631924,0.150607531,0.064573623,0.613646709,-0.334240945,0.1246
-1.062955428,1.263965689,0.150607531,-0.391136688,-0.73040824,-0.308766538,0.1776
-0.33989448,1.263965689,-0.650456143,-0.846847,-0.282389923,-0.797875159,0.0731
-1.062955428,-1.226701841,-0.739463218,-0.846847,-1.178426556,1.805609272,0.0406
1.829288363,-0.915368399,0.150607531,-0.846847,-0.282389923,-0.538036204,0.0912
-0.701424954,-1.226701841,1.930749029,0.064573623,-0.282389923,1.34706994,0.0584
-0.33989448,1.263965689,-0.650456143,0.064573623,-1.178426556,-0.797875159,0.2151
0.383166467,-0.604034958,-0.650456143,-0.846847,1.509683342,0.27204995,0.0283
-0.33989448,1.263965689,-0.650456143,-0.391136688,-0.282389923,-0.797875159,0.2062
-1.062955428,1.263965689,0.150607531,-0.391136688,-0.73040824,-0.308766538,0.21
-0.33989448,0.018631924,1.930749029,-0.846847,-0.73040824,0.124298387,0.1377
0.383166467,1.263965689,-0.739463218,-0.755704938,-0.282389923,-1.256414491,0.1527
1.829288363,1.263965689,1.930749029,1.88741487,1.509683342,-2.575988791,0.0406
-0.701424954,-1.226701841,1.930749029,0.064573623,-0.282389923,1.34706994,0.0554
0.383166467,-0.915368399,1.930749029,-0.391136688,-1.178426556,0.353568053,0.1168
0.383166467,-0.604034958,-0.650456143,-0.846847,1.509683342,0.27204995,0.1153
0.383166467,1.263965689,-0.739463218,-0.755704938,-0.282389923,-1.256414491,0.1044
-0.33989448,-0.604034958,-0.294427843,-0.391136688,-0.282389923,0.735684163,0.1287
1.829288363,0.018631924,-0.294427843,-0.755704938,-1.178426556,-1.281888898,0.0933
-0.701424954,0.018631924,-0.739463218,-0.391136688,1.509683342,0.506414497,0.1511
-0.33989448,-1.226701841,0.150607531,-0.755704938,1.509683342,1.240077429,0.0792
-0.701424954,0.018631924,-0.739463218,-0.391136688,1.509683342,0.506414497,0.1645
-1.062955428,-1.226701841,-0.739463218,-0.846847,-1.178426556,1.805609272,0.059
1.829288363,-0.915368399,0.150607531,-0.846847,-0.282389923,-0.538036204,0.0594
-0.33989448,1.263965689,-0.650456143,0.064573623,-1.178426556,-0.797875159,0.1541
0.383166467,-1.226701841,-0.294427843,1.88741487,-0.73040824,0.608312127,0.0184
-1.062955428,0.018631924,-0.650456143,1.88741487,-0.282389923,0.628691653,0.1582
1.829288363,-1.226701841,-0.650456143,-0.391136688,0.613646709,-0.262912604,0.0584
-1.062955428,0.018631924,-0.650456143,1.88741487,-0.282389923,0.628691653,0.0744
1.829288363,-0.915368399,0.150607531,-0.846847,-0.282389923,-0.538036204,0.0446
1.829288363,-0.915368399,0.150607531,-0.846847,-0.282389923,-0.538036204,0.0595
-0.33989448,-0.915368399,-0.739463218,1.88741487,0.613646709,0.888530607,0.0907
-0.33989448,-0.604034958,-0.294427843,-0.391136688,-0.282389923,0.735684163,0.0714
-0.33989448,1.263965689,-0.650456143,-0.755704938,-0.282389923,-0.797875159,0.0408
1.829288363,1.263965689,1.930749029,1.88741487,1.509683342,-2.575988791,0.0296
-0.33989448,1.263965689,-0.650456143,-0.391136688,-0.282389923,-0.797875159,0.2045
-0.33989448,1.263965689,-0.650456143,-0.391136688,-0.282389923,-0.797875159,0.2073
0.383166467,-1.226701841,-0.294427843,1.88741487,-0.73040824,0.608312127,0.0253
-0.701424954,-0.915368399,-0.650456143,-0.755704938,-0.73040824,1.285931362,0.0735
1.829288363,-1.226701841,-0.650456143,-0.391136688,0.613646709,-0.262912604,0.0821
-0.33989448,-0.604034958,-0.294427843,-0.391136688,-0.282389923,0.735684163,0.0619
-0.701424954,1.263965689,-0.294427843,-0.846847,0.613646709,-0.512561796,0.208
-0.701424954,-1.226701841,1.930749029,0.064573623,-0.282389923,1.34706994,0.0365
-1.062955428,-0.604034958,1.930749029,-0.755704938,0.613646709,1.138179799,0.1155
1.829288363,0.018631924,-0.294427843,-0.755704938,-1.178426556,-1.281888898,0.1042
-1.062955428,-0.915368399,-0.294427843,0.064573623,1.509683342,1.474441976,0.0764
0.383166467,-0.915368399,1.930749029,-0.391136688,-1.178426556,0.353568053,0.059
-0.701424954,-1.226701841,1.930749029,0.064573623,-0.282389923,1.34706994,0.0324
-0.33989448,-1.226701841,0.150607531,-0.755704938,1.509683342,1.240077429,0.0251
-0.33989448,-0.604034958,-0.294427843,-0.391136688,-0.282389923,0.735684163,0.0986
1.829288363,0.018631924,-0.294427843,-0.755704938,-1.178426556,-1.281888898,0.1292
-1.062955428,-0.604034958,1.930749029,-0.755704938,0.613646709,1.138179799,0.1258
-0.33989448,1.263965689,0.150607531,0.064573623,-0.282389923,-0.797875159,0.165
-0.33989448,-0.915368399,-0.739463218,1.88741487,0.613646709,0.888530607,0.0758
-0.33989448,1.263965689,-0.650456143,0.064573623,-1.178426556,-0.797875159,0.1591
1.829288363,-0.604034958,-0.739463218,0.064573623,-0.73040824,-0.792780277,0.0915
-0.33989448,1.263965689,-0.650456143,0.064573623,-0.282389923,-0.797875159,0.1834
0.383166467,-0.915368399,1.930749029,-0.391136688,-1.178426556,0.353568053,0.108
-0.33989448,-0.604034958,-0.294427843,-0.391136688,-0.282389923,0.735684163,0.1169
-0.701424954,-1.226701841,1.930749029,0.064573623,-0.282389923,1.34706994,0.0544
-0.33989448,-0.915368399,-0.739463218,1.88741487,0.613646709,0.888530607,0.063
-0.33989448,-0.915368399,-0.739463218,1.88741487,0.613646709,0.888530607,0.1105
-0.33989448,1.263965689,-0.650456143,0.064573623,4.197793241,-0.797875159,0.0444
-1.062955428,1.263965689,0.150607531,-0.391136688,-0.73040824,-0.308766538,0.1779
-0.33989448,0.018631924,1.930749029,-0.846847,-0.73040824,0.124298387,0.1377
-0.701424954,-0.915368399,-0.650456143,-0.755704938,-0.73040824,1.285931362,0.149
-0.33989448,0.018631924,1.930749029,-0.846847,-0.73040824,0.124298387,0.1634
-0.33989448,1.263965689,-0.650456143,0.064573623,4.197793241,-0.797875159,0.0517
0.383166467,1.263965689,-0.739463218,-0.755704938,-0.282389923,-1.256414491,0.1496
0.383166467,1.263965689,-0.739463218,-0.755704938,-0.282389923,-1.256414491,0.1249
1.829288363,0.018631924,-0.294427843,-0.755704938,-1.178426556,-1.281888898,0.1208
1.829288363,0.018631924,-0.294427843,-0.755704938,-1.178426556,-1.281888898,0.1013
-0.33989448,1.263965689,-0.650456143,3.710256118,-0.282389923,-0.797875159,0.1513
-0.33989448,1.263965689,-0.739463218,0.064573623,-0.282389923,-0.797875159,0.1012
-0.701424954,-1.226701841,1.930749029,0.064573623,-0.282389923,1.34706994,0.0322
-1.062955428,1.263965689,-0.650456143,-0.391136688,-0.282389923,-0.797875159,0.0765
0.383166467,1.263965689,-0.650456143,-0.391136688,-0.282389923,-0.797875159,0.1833
0.383166467,0.018631924,0.150607531,0.064573623,0.613646709,-0.334240945,0.0962
-0.33989448,-0.604034958,-0.294427843,-0.391136688,-0.282389923,0.735684163,0.1033
-1.062955428,-0.604034958,1.930749029,-0.755704938,0.613646709,1.138179799,0.0597
-0.33989448,-0.915368399,-0.739463218,1.88741487,0.613646709,0.888530607,0.0858
-1.062955428,-0.915368399,-0.294427843,0.064573623,1.509683342,1.474441976,0.1164
-0.33989448,1.263965689,-0.650456143,3.710256118,-0.282389923,-0.797875159,0.0623
-0.33989448,0.018631924,1.930749029,-0.846847,-0.73040824,0.124298387,0.1146
-0.33989448,1.263965689,-0.650456143,3.710256118,-0.282389923,-0.797875159,0.0595
-0.701424954,-1.226701841,1.930749029,0.064573623,-0.282389923,1.34706994,0.0469
1.829288363,1.263965689,1.930749029,1.88741487,1.509683342,-2.575988791,0.0286
1.106227415,1.263965689,-0.650456143,-0.391136688,-0.282389923,-0.797875159,0.1877
0.383166467,0.018631924,0.150607531,0.064573623,0.613646709,-0.334240945,0.1008
-0.33989448,1.263965689,0.150607531,0.064573623,-0.282389923,-0.797875159,0.1526
1.829288363,-0.604034958,-0.739463218,0.064573623,-0.73040824,-0.792780277,0.0963
-1.062955428,-1.226701841,-0.739463218,-0.846847,-1.178426556,1.805609272,0.0455
3.275410258,1.263965689,-0.650456143,-0.391136688,-0.282389923,-0.797875159,0.0534
-0.33989448,-1.226701841,0.150607531,-0.755704938,1.509683342,1.240077429,0.0709
-1.062955428,1.263965689,0.150607531,-0.391136688,-0.73040824,-0.308766538,0.1991
-0.33989448,1.263965689,-0.650456143,0.064573623,-1.178426556,-0.797875159,0.2146
0.383166467,1.263965689,-0.739463218,-0.755704938,-0.282389923,-1.256414491,0.1146
1.829288363,1.263965689,1.930749029,1.88741487,1.509683342,-2.575988791,0.0585
-0.33989448,-0.915368399,-0.739463218,1.88741487,0.613646709,0.888530607,0.0896
1.829288363,-0.915368399,0.150607531,-0.846847,-0.282389923,-0.538036204,0.097
-1.062955428,-0.915368399,-0.294427843,0.064573623,1.509683342,1.474441976,0.1063
-0.33989448,-1.226701841,0.150607531,-0.755704938,1.509683342,1.240077429,0.0378
-1.062955428,-0.604034958,1.930749029,-0.755704938,0.613646709,1.138179799,0.103
-1.062955428,-0.604034958,1.930749029,-0.755704938,0.613646709,1.138179799,0.1007
1.829288363,-1.226701841,-0.650456143,-0.391136688,0.613646709,-0.262912604,0.0423
-0.701424954,-1.226701841,1.930749029,0.064573623,-0.282389923,1.34706994,0.0449
-1.062955428,1.263965689,0.150607531,-0.391136688,-0.73040824,-0.308766538,0.1862
0.383166467,-1.226701841,-0.294427843,1.88741487,-0.73040824,0.608312127,0.0198
-0.701424954,1.263965689,-0.294427843,-0.846847,0.613646709,-0.512561796,0.123
-0.33989448,-1.226701841,0.150607531,-0.755704938,1.509683342,1.240077429,0.0299
1.829288363,0.018631924,-0.294427843,-0.755704938,-1.178426556,-1.281888898,0.0965
0.383166467,-0.915368399,1.930749029,-0.391136688,-1.178426556,0.353568053,0.0466
1.829288363,1.263965689,1.930749029,1.88741487,1.509683342,-2.575988791,0.0473
-0.33989448,0.018631924,1.930749029,-0.846847,-0.73040824,0.124298387,0.1755
-0.33989448,-0.604034958,-0.294427843,-0.391136688,-0.282389923,0.735684163,0.1398
1.829288363,-1.226701841,-0.650456143,-0.391136688,0.613646709,-0.262912604,0.0366
-0.701424954,1.263965689,-0.294427843,-0.846847,0.613646709,-0.512561796,0.1423
-0.33989448,1.263965689,-0.650456143,3.710256118,-0.282389923,-0.797875159,0.1676
-0.701424954,0.018631924,-0.739463218,-0.391136688,1.509683342,0.506414497,0.1737
0.383166467,-0.604034958,-0.650456143,-0.846847,1.509683342,0.27204995,0.1084
-1.062955428,-0.604034958,1.930749029,-0.755704938,0.613646709,1.138179799,0.0794
-1.062955428,-0.915368399,-0.294427843,0.064573623,1.509683342,1.474441976,0.1067
-0.33989448,1.263965689,-0.650456143,0.064573623,-1.178426556,-0.797875159,0.1651
1.829288363,0.018631924,-0.294427843,-0.755704938,-1.178426556,-1.281888898,0.0977
-0.33989448,1.263965689,0.150607531,0.064573623,-0.282389923,-0.797875159,0.1521
1.829288363,1.263965689,1.930749029,1.88741487,1.509683342,-2.575988791,0.0449
-0.33989448,-0.604034958,-0.294427843,-0.391136688,-0.282389923,0.735684163,0.1223
0.383166467,-1.226701841,-0.294427843,1.88741487,-0.73040824,0.608312127,0.0206
-0.33989448,1.263965689,-0.650456143,0.064573623,1.509683342,-0.797875159,0.0533
1.829288363,-0.604034958,-0.739463218,0.064573623,-0.73040824,-0.792780277,0.0921
-0.33989448,-1.226701841,0.150607531,-0.755704938,1.509683342,1.240077429,0.0752
-0.701424954,-0.915368399,-0.650456143,-0.755704938,-0.73040824,1.285931362,0.0922
-1.062955428,-0.915368399,-0.294427843,0.064573623,1.509683342,1.474441976,0.1083
-0.33989448,1.263965689,-0.650456143,0.064573623,-0.282389923,-0.797875159,0.222
0.383166467,0.018631924,0.150607531,0.064573623,0.613646709,-0.334240945,0.0669
-0.33989448,1.263965689,0.150607531,0.064573623,-0.282389923,-0.797875159,0.1789
1.829288363,-0.915368399,0.150607531,-0.846847,-0.282389923,-0.538036204,0.0818
-0.701424954,-0.604034958,0.150607531,1.88741487,-1.178426556,0.837581793,0.0837
-0.701424954,0.018631924,-0.739463218,-0.391136688,1.509683342,0.506414497,0.1714
-0.33989448,1.263965689,-0.739463218,0.064573623,-0.282389923,-0.797875159,0.0997
0.383166467,-0.915368399,1.930749029,-0.391136688,-1.178426556,0.353568053,0.0588
-0.33989448,1.263965689,-0.650456143,0.064573623,-0.282389923,-0.797875159,0.1736
1.829288363,-0.915368399,0.150607531,-0.846847,-0.282389923,-0.538036204,0.0424
-0.33989448,-0.915368399,-0.739463218,1.88741487,0.613646709,0.888530607,0.0941
0.383166467,0.018631924,0.150607531,0.064573623,0.613646709,-0.334240945,0.0959
1.829288363,0.018631924,-0.294427843,-0.755704938,-1.178426556,-1.281888898,0.0772
0.383166467,0.018631924,0.150607531,0.064573623,0.613646709,-0.334240945,0.1305
-1.062955428,0.018631924,-0.650456143,1.88741487,-0.282389923,0.628691653,0.1047
-1.062955428,-1.226701841,-0.739463218,-0.846847,-1.178426556,1.805609272,0.0552
-0.33989448,1.263965689,-0.650456143,0.064573623,-0.282389923,-0.797875159,0.183
-0.33989448,-0.915368399,-0.739463218,1.88741487,0.613646709,0.888530607,0.1075
1.829288363,1.263965689,1.930749029,1.88741487,1.509683342,-2.575988791,0.0399
-1.062955428,-0.915368399,-0.294427843,0.064573623,1.509683342,1.474441976,0.1114
-0.33989448,1.263965689,-0.650456143,-0.755704938,-0.282389923,-0.797875159,0.1141
-0.701424954,-1.226701841,1.930749029,0.064573623,-0.282389923,1.34706994,0.0265
0.383166467,0.018631924,0.150607531,0.064573623,0.613646709,-0.334240945,0.0625
-0.701424954,-1.226701841,1.930749029,0.064573623,-0.282389923,1.34706994,0.0173
-0.33989448,1.263965689,-0.650456143,0.064573623,-1.178426556,-0.797875159,0.1924
0.383166467,0.018631924,0.150607531,0.064573623,0.613646709,-0.334240945,0.1187
-0.33989448,1.263965689,-0.650456143,-0.846847,-0.282389923,-0.797875159,0.0913
-0.33989448,1.263965689,-0.650456143,-0.846847,-0.282389923,-0.797875159,0.0886
-1.062955428,1.263965689,0.150607531,-0.391136688,-0.73040824,-0.308766538,0.1862
1.829288363,0.018631924,-0.294427843,-0.755704938,-1.178426556,-1.281888898,0.146
-1.062955428,0.018631924,-0.650456143,1.88741487,-0.282389923,0.628691653,0.1265
1.829288363,1.263965689,1.930749029,1.88741487,1.509683342,-2.575988791,0.0204
-1.062955428,-1.226701841,-0.739463218,-0.846847,-1.178426556,1.805609272,0.0579
-0.33989448,-0.915368399,-0.739463218,1.88741487,0.613646709,0.888530607,0.0814
-0.701424954,0.018631924,-0.739463218,-0.391136688,1.509683342,0.506414497,0.1897
0.383166467,1.263965689,-0.739463218,-0.755704938,-0.282389923,-1.256414491,0.1106
-0.33989448,1.263965689,-0.650456143,0.064573623,0.613646709,-0.797875159,0.1642
1.829288363,-1.226701841,-0.650456143,-0.391136688,0.613646709,-0.262912604,0.0766
-0.701424954,-1.226701841,1.930749029,0.064573623,-0.282389923,1.34706994,0.0481
0.383166467,1.263965689,-0.739463218,-0.755704938,-0.282389923,-1.256414491,0.1549
0.383166467,-0.604034958,-0.650456143,-0.846847,1.509683342,0.27204995,0.0378
-0.701424954,-1.226701841,1.930749029,0.064573623,-0.282389923,1.34706994,0.0509
0.383166467,-0.604034958,-0.650456143,-0.846847,1.509683342,0.27204995,0.0964
-0.33989448,1.263965689,-0.650456143,0.064573623,4.197793241,-0.797875159,0.0613
-0.33989448,0.018631924,1.930749029,-0.846847,-0.73040824,0.124298387,0.128
-0.701424954,1.263965689,-0.294427843,-0.846847,0.613646709,-0.512561796,0.2056
-0.33989448,1.263965689,-0.650456143,0.064573623,-1.178426556,-0.797875159,0.1825
-1.062955428,-0.604034958,1.930749029,-0.755704938,0.613646709,1.138179799,0.1304
-0.701424954,0.018631924,-0.739463218,-0.391136688,1.509683342,0.506414497,0.1597
0.383166467,-0.915368399,1.930749029,-0.391136688,-1.178426556,0.353568053,0.0923
-0.33989448,1.263965689,0.150607531,0.064573623,-0.282389923,-0.797875159,0.1646
1.829288363,0.018631924,-0.294427843,-0.755704938,-1.178426556,-1.281888898,0.0508
0.383166467,-0.915368399,1.930749029,-0.391136688,-1.178426556,0.353568053,0.102
1.829288363,-1.226701841,-0.650456143,-0.391136688,0.613646709,-0.262912604,0.0676
-0.33989448,-0.915368399,-0.739463218,1.88741487,0.613646709,0.888530607,0.1051
-1.062955428,-0.915368399,-0.294427843,0.064573623,1.509683342,1.474441976,0.1219
-0.701424954,-0.604034958,0.150607531,1.88741487,-1.178426556,0.837581793,0.0623
1.829288363,-0.915368399,0.150607531,-0.846847,-0.282389923,-0.538036204,0.0919
-0.701424954,0.018631924,-0.739463218,-0.391136688,1.509683342,0.506414497,0.1193
-1.062955428,1.263965689,0.150607531,-0.391136688,-0.73040824,-0.308766538,0.1059
-0.701424954,-0.915368399,-0.650456143,-0.755704938,-0.73040824,1.285931362,0.0905
-1.062955428,-0.915368399,-0.294427843,0.064573623,1.509683342,1.474441976,0.091
-0.701424954,0.018631924,-0.739463218,-0.391136688,1.509683342,0.506414497,0.1319
0.383166467,-1.226701841,-0.294427843,1.88741487,-0.73040824,0.608312127,0.0548
0.383166467,-0.604034958,-0.650456143,-0.846847,1.509683342,0.27204995,0.1406
0.383166467,-0.915368399,1.930749029,-0.391136688,-1.178426556,0.353568053,0.077
0.383166467,-1.226701841,-0.294427843,1.88741487,-0.73040824,0.608312127,0.0159
-0.33989448,1.263965689,-0.650456143,0.064573623,-1.178426556,-0.797875159,0.1404
-0.701424954,1.263965689,-0.294427843,-0.846847,0.613646709,-0.512561796,0.2056
0.383166467,-0.604034958,-0.650456143,-0.846847,1.509683342,0.27204995,0.1526
-1.062955428,-1.226701841,-0.739463218,-0.846847,-1.178426556,1.805609272,0.0361
1.829288363,0.018631924,-0.294427843,-0.755704938,-1.178426556,-1.281888898,0.1007
-0.33989448,-0.604034958,-0.294427843,-0.391136688,-0.282389923,0.735684163,0.1498
-0.701424954,-0.915368399,-0.650456143,-0.755704938,-0.73040824,1.285931362,0.1326
1.829288363,-0.915368399,0.150607531,-0.846847,-0.282389923,-0.538036204,0.0745
1.829288363,0.018631924,-0.294427843,-0.755704938,-1.178426556,-1.281888898,0.0562
-1.062955428,-0.915368399,-0.294427843,0.064573623,1.509683342,1.474441976,0.0444
-0.701424954,1.263965689,-0.294427843,-0.846847,0.613646709,-0.512561796,0.1796
1.829288363,-0.915368399,0.150607531,-0.846847,-0.282389923,-0.538036204,0.045
0.383166467,1.263965689,-0.739463218,-0.755704938,-0.282389923,-1.256414491,0.1054
-0.33989448,0.018631924,1.930749029,-0.846847,-0.73040824,0.124298387,0.0914
-0.33989448,1.263965689,0.150607531,0.064573623,-0.282389923,-0.797875159,0.1887
0.383166467,1.263965689,-0.739463218,-0.755704938,-0.282389923,-1.256414491,0.1665
-0.33989448,1.263965689,-0.650456143,0.064573623,1.509683342,-0.797875159,0.0265
1.829288363,-0.604034958,-0.739463218,0.064573623,-0.73040824,-0.792780277,0.1023
-1.062955428,-1.226701841,-0.739463218,-0.846847,-1.178426556,1.805609272,0.0436
-0.33989448,1.263965689,-0.650456143,-0.755704938,-0.282389923,-0.797875159,0.1529
-1.062955428,0.018631924,-0.650456143,1.88741487,-0.282389923,0.628691653,0.1694
-1.062955428,-0.915368399,-0.294427843,0.064573623,1.509683342,1.474441976,0.0587
-0.701424954,1.263965689,-0.294427843,-0.846847,0.613646709,-0.512561796,0.1466
0.383166467,-0.915368399,1.930749029,-0.391136688,-1.178426556,0.353568053,0.0964
-0.33989448,1.263965689,-0.650456143,-0.391136688,-0.282389923,-0.797875159,0.1754
-1.062955428,-0.915368399,-0.294427843,0.064573623,1.509683342,1.474441976,0.0674
1.829288363,-0.915368399,0.150607531,-0.846847,-0.282389923,-0.538036204,0.059
1.829288363,1.263965689,1.930749029,1.88741487,1.509683342,-2.575988791,0.0313
-0.701424954,0.018631924,-0.739463218,-0.391136688,1.509683342,0.506414497,0.1904
1.829288363,1.263965689,1.930749029,1.88741487,1.509683342,-2.575988791,0.0431
-0.33989448,1.263965689,-0.739463218,0.064573623,-0.282389923,-0.797875159,0.0992
-0.701424954,1.263965689,-0.294427843,-0.846847,0.613646709,-0.512561796,0.1379
-0.33989448,1.263965689,-0.739463218,0.064573623,-0.282389923,-0.797875159,0.1134
-1.062955428,-0.604034958,1.930749029,-0.755704938,0.613646709,1.138179799,0.1619
-0.33989448,-0.915368399,-0.739463218,1.88741487,0.613646709,0.888530607,0.0976
1.829288363,1.263965689,1.930749029,1.88741487,1.509683342,-2.575988791,0.0289
0.383166467,1.263965689,-0.739463218,-0.755704938,-0.282389923,-1.256414491,0.1527
-0.33989448,0.018631924,1.930749029,-0.846847,-0.73040824,0.124298387,0.175
-0.33989448,1.263965689,-0.650456143,0.064573623,0.613646709,-0.797875159,0.1346
1.106227415,1.263965689,-0.650456143,-0.391136688,-0.282389923,-0.797875159,0.1021
-1.062955428,1.263965689,-0.650456143,-0.391136688,-0.282389923,-0.797875159,0.0604
1.829288363,0.018631924,-0.294427843,-0.755704938,-1.178426556,-1.281888898,0.1333
0.383166467,0.018631924,0.150607531,0.064573623,0.613646709,-0.334240945,0.1173
-0.33989448,0.018631924,1.930749029,-0.846847,-0.73040824,0.124298387,0.1524
1.829288363,0.018631924,-0.294427843,-0.755704938,-1.178426556,-1.281888898,0.1171
-0.701424954,1.263965689,-0.294427843,-0.846847,0.613646709,-0.512561796,0.1711
0.383166467,-0.604034958,-0.650456143,-0.846847,1.509683342,0.27204995,0.1219
-0.33989448,1.263965689,-0.650456143,-0.846847,-0.282389923,-0.797875159,0.0659
1.829288363,-1.226701841,-0.650456143,-0.391136688,0.613646709,-0.262912604,0.0885
0.383166467,1.263965689,-0.650456143,-0.391136688,-0.282389923,-0.797875159,0.1904
0.383166467,-1.226701841,-0.294427843,1.88741487,-0.73040824,0.608312127,0.0659
0.383166467,-1.226701841,-0.294427843,1.88741487,-0.73040824,0.608312127,0.0196
1.829288363,-0.915368399,0.150607531,-0.846847,-0.282389923,-0.538036204,0.0546
0.383166467,1.263965689,-0.739463218,-0.755704938,-0.282389923,-1.256414491,0.1114
0.383166467,1.263965689,-0.650456143,-0.391136688,-0.282389923,-0.797875159,0.1505
-1.062955428,0.018631924,-0.650456143,1.88741487,-0.282389923,0.628691653,0.1387
-1.062955428,1.263965689,-0.650456143,-0.391136688,-0.282389923,-0.797875159,0.0566
0.383166467,1.263965689,-0.650456143,-0.391136688,-0.282389923,-0.797875159,0.1351
-0.701424954,-0.915368399,-0.650456143,-0.755704938,-0.73040824,1.285931362,0.1369
-0.33989448,1.263965689,-0.650456143,0.064573623,4.197793241,-0.797875159,0.0304
-1.062955428,1.263965689,-0.650456143,-0.391136688,-0.282389923,-0.797875159,0.0496
0.383166467,-0.915368399,1.930749029,-0.391136688,-1.178426556,0.353568053,0.0519
-1.062955428,-1.226701841,-0.739463218,-0.846847,-1.178426556,1.805609272,0.029
0.383166467,0.018631924,0.150607531,0.064573623,0.613646709,-0.334240945,0.1331
-1.062955428,1.263965689,-0.650456143,-0.391136688,-0.282389923,-0.797875159,0.0755
-0.33989448,1.263965689,-0.650456143,0.064573623,4.197793241,-0.797875159,0.0447
-0.33989448,1.263965689,-0.650456143,0.064573623,-1.178426556,-0.797875159,0.1589
-0.701424954,-0.604034958,0.150607531,1.88741487,-1.178426556,0.837581793,0.1316
-0.701424954,-0.604034958,0.150607531,1.88741487,-1.178426556,0.837581793,0.1124
-1.062955428,-1.226701841,-0.739463218,-0.846847,-1.178426556,1.805609272,0.0366
-0.33989448,-1.226701841,0.150607531,-0.755704938,1.509683342,1.240077429,0.0228
-1.062955428,-0.604034958,1.930749029,-0.755704938,0.613646709,1.138179799,0.1422
1.829288363,-0.915368399,0.150607531,-0.846847,-0.282389923,-0.538036204,0.0734
1.829288363,1.263965689,1.930749029,1.88741487,1.509683342,-2.575988791,0.0252
-0.33989448,1.263965689,-0.650456143,0.064573623,1.509683342,-0.797875159,0.0431
0.383166467,-0.604034958,-0.650456143,-0.846847,1.509683342,0.27204995,0.1556
-0.701424954,-1.226701841,1.930749029,0.064573623,-0.282389923,1.34706994,0.0212
-0.33989448,-1.226701841,0.150607531,-0.755704938,1.509683342,1.240077429,0.0416
-0.701424954,0.018631924,-0.739463218,-0.391136688,1.509683342,0.506414497,0.1971
-0.33989448,-1.226701841,0.150607531,-0.755704938,1.509683342,1.240077429,0.0315
-1.062955428,1.263965689,0.150607531,-0.391136688,-0.73040824,-0.308766538,0.1404
-1.062955428,1.263965689,0.150607531,-0.391136688,-0.73040824,-0.308766538,0.2123
-0.701424954,1.263965689,-0.294427843,-0.846847,0.613646709,-0.512561796,0.1332
-0.33989448,-0.604034958,-0.294427843,-0.391136688,-0.282389923,0.735684163,0.1007
0.383166467,-0.604034958,-0.650456143,-0.846847,1.509683342,0.27204995,0.1262
-0.33989448,1.263965689,-0.650456143,0.064573623,-1.178426556,-0.797875159,0.146
-0.701424954,1.263965689,-0.294427843,-0.846847,0.613646709,-0.512561796,0.2169
1.829288363,-0.604034958,-0.739463218,0.064573623,-0.73040824,-0.792780277,0.0558
-1.062955428,1.263965689,-0.650456143,-0.391136688,-0.282389923,-0.797875159,0.0747
-0.33989448,-1.226701841,0.150607531,-0.755704938,1.509683342,1.240077429,0.0566
-0.33989448,-0.915368399,-0.739463218,1.88741487,0.613646709,0.888530607,0.0743
-0.33989448,1.263965689,-0.650456143,0.064573623,0.613646709,-0.797875159,0.126
-0.33989448,1.263965689,-0.650456143,0.064573623,-1.178426556,-0.797875159,0.1602
-0.33989448,1.263965689,-0.650456143,3.710256118,-0.282389923,-0.797875159,0.1256
-0.33989448,1.263965689,-0.650456143,0.064573623,-0.282389923,-0.797875159,0.2153
-0.33989448,-0.915368399,-0.739463218,1.88741487,0.613646709,0.888530607,0.1297
-0.33989448,1.263965689,-0.650456143,0.064573623,-1.178426556,-0.797875159,0.2059
-0.33989448,1.263965689,-0.650456143,-0.391136688,-0.282389923,-0.797875159,0.1845
-0.33989448,1.263965689,-0.650456143,-0.391136688,-0.282389923,-0.797875159,0.1762
1.829288363,-0.604034958,-0.739463218,0.064573623,-0.73040824,-0.792780277,0.0574
-0.33989448,1.263965689,-0.650456143,0.064573623,0.613646709,-0.797875159,0.1152
0.383166467,0.018631924,0.150607531,0.064573623,0.613646709,-0.334240945,0.0479
0.383166467,0.018631924,0.150607531,0.064573623,0.613646709,-0.334240945,0.072
-0.33989448,1.263965689,3.710890527,0.064573623,-0.282389923,-0.797875159,0.1489
-1.062955428,-1.226701841,-0.739463218,-0.846847,-1.178426556,1.805609272,0.063
0.383166467,-0.915368399,1.930749029,-0.391136688,-1.178426556,0.353568053,0.0964
-0.701424954,-0.915368399,-0.650456143,-0.755704938,-0.73040824,1.285931362,0.1131
-0.33989448,-0.604034958,-0.294427843,-0.391136688,-0.282389923,0.735684163,0.1443
-0.33989448,1.263965689,-0.650456143,0.064573623,-1.178426556,-0.797875159,0.1585
-0.33989448,1.263965689,-0.650456143,-0.391136688,-0.282389923,-0.797875159,0.1756
1.829288363,0.018631924,-0.294427843,-0.755704938,-1.178426556,-1.281888898,0.0621
0.383166467,1.263965689,-0.650456143,-0.391136688,-0.282389923,-0.797875159,0.1844
-1.062955428,-0.915368399,-0.294427843,0.064573623,1.509683342,1.474441976,0.1007
-1.062955428,-0.915368399,-0.294427843,0.064573623,1.509683342,1.474441976,0.0752
1.829288363,-0.604034958,-0.739463218,0.064573623,-0.73040824,-0.792780277,0.0985
-0.33989448,1.263965689,0.150607531,0.064573623,-0.282389923,-0.797875159,0.1881
-1.062955428,-1.226701841,-0.739463218,-0.846847,-1.178426556,1.805609272,0.0503
0.383166467,-0.915368399,1.930749029,-0.391136688,-1.178426556,0.353568053,0.0763
-1.062955428,1.263965689,0.150607531,-0.391136688,-0.73040824,-0.308766538,0.0898
-0.33989448,-1.226701841,0.150607531,-0.755704938,1.509683342,1.240077429,0.0536
-0.33989448,1.263965689,-0.650456143,-0.391136688,-0.282389923,-0.797875159,0.1714
-1.062955428,-0.915368399,-0.294427843,0.064573623,1.509683342,1.474441976,0.1033
-0.33989448,1.263965689,-0.650456143,0.064573623,-1.178426556,-0.797875159,0.2059
3.275410258,1.263965689,-0.650456143,-0.391136688,-0.282389923,-0.797875159,0.0449
-0.33989448,-0.915368399,-0.739463218,1.88741487,0.613646709,0.888530607,0.1181
-0.33989448,1.263965689,-0.650456143,3.710256118,-0.282389923,-0.797875159,0.1216
-1.062955428,-1.226701841,-0.739463218,-0.846847,-1.178426556,1.805609272,0.0691
-0.33989448,1.263965689,-0.650456143,-0.846847,-0.282389923,-0.797875159,0.0678
0.383166467,-1.226701841,-0.294427843,1.88741487,-0.73040824,0.608312127,0.0308
-0.701424954,1.263965689,-0.294427843,-0.846847,0.613646709,-0.512561796,0.1792
-1.062955428,0.018631924,-0.650456143,1.88741487,-0.282389923,0.628691653,0.1319
1.829288363,1.263965689,1.930749029,1.88741487,1.509683342,-2.575988791,0.0635
-0.33989448,1.263965689,-0.650456143,-0.391136688,-0.282389923,-0.797875159,0.1681
0.383166467,-1.226701841,-0.294427843,1.88741487,-0.73040824,0.608312127,0.0577
-0.33989448,1.263965689,-0.650456143,0.064573623,-0.282389923,-0.797875159,0.1985
1.829288363,1.263965689,1.930749029,1.88741487,1.509683342,-2.575988791,0.0422
-0.33989448,1.263965689,3.710890527,0.064573623,-0.282389923,-0.797875159,0.1275
-1.062955428,1.263965689,0.150607531,-0.391136688,-0.73040824,-0.308766538,0.1961
-1.062955428,0.018631924,-0.650456143,1.88741487,-0.282389923,0.628691653,0.1642
-0.33989448,-0.915368399,-0.739463218,1.88741487,0.613646709,0.888530607,0.0307
-0.33989448,1.263965689,-0.650456143,0.064573623,-1.178426556,-0.797875159,0.1297
0.383166467,-1.226701841,-0.294427843,1.88741487,-0.73040824,0.608312127,0.0367
1.829288363,-0.604034958,-0.739463218,0.064573623,-0.73040824,-0.792780277,0.0791
-0.701424954,0.018631924,-0.739463218,-0.391136688,1.509683342,0.506414497,0.1599
-0.701424954,-0.915368399,-0.650456143,-0.755704938,-0.73040824,1.285931362,0.1459
0.383166467,-1.226701841,-0.294427843,1.88741487,-0.73040824,0.608312127,0.0164
-0.33989448,1.263965689,-0.650456143,-0.755704938,-0.282389923,-0.797875159,0.115
0.383166467,1.263965689,-0.650456143,-0.391136688,-0.282389923,-0.797875159,0.1625
0.383166467,1.263965689,-0.739463218,-0.755704938,-0.282389923,-1.256414491,0.1409
-0.701424954,-1.226701841,1.930749029,0.064573623,-0.282389923,1.34706994,0.0252
1.829288363,1.263965689,1.930749029,1.88741487,1.509683342,-2.575988791,0.0219
-0.701424954,1.263965689,-0.294427843,-0.846847,0.613646709,-0.512561796,0.1832
-0.701424954,-0.604034958,0.150607531,1.88741487,-1.178426556,0.837581793,0.0781
-0.701424954,1.263965689,-0.294427843,-0.846847,0.613646709,-0.512561796,0.1431
-0.33989448,-0.915368399,-0.739463218,1.88741487,0.613646709,0.888530607,0.0698
-1.062955428,-0.915368399,-0.294427843,0.064573623,1.509683342,1.474441976,0.0986
-0.701424954,-0.604034958,0.150607531,1.88741487,-1.178426556,0.837581793,0.0498
-1.062955428,0.018631924,-0.650456143,1.88741487,-0.282389923,0.628691653,0.1494
-0.33989448,-0.915368399,-0.739463218,1.88741487,0.613646709,0.888530607,0.0701
-0.701424954,-0.604034958,0.150607531,1.88741487,-1.178426556,0.837581793,0.1088
-1.062955428,1.263965689,0.150607531,-0.391136688,-0.73040824,-0.308766538,0.1706
-0.701424954,-0.915368399,-0.650456143,-0.755704938,-0.73040824,1.285931362,0.1089
0.383166467,-0.604034958,-0.650456143,-0.846847,1.509683342,0.27204995,0.1177
1.829288363,-1.226701841,-0.650456143,-0.391136688,0.613646709,-0.262912604,0.0749
1.829288363,0.018631924,-0.294427843,-0.755704938,-1.178426556,-1.281888898,0.0795
-0.701424954,-1.226701841,1.930749029,0.064573623,-0.282389923,1.34706994,0.0186
-0.33989448,-1.226701841,0.150607531,-0.755704938,1.509683342,1.240077429,0.0253
-0.33989448,0.018631924,1.930749029,-0.846847,-0.73040824,0.124298387,0.1877
-1.062955428,-1.226701841,-0.739463218,-0.846847,-1.178426556,1.805609272,0.0323
0.383166467,1.263965689,-0.739463218,-0.755704938,-0.282389923,-1.256414491,0.1507
1.829288363,-1.226701841,-0.650456143,-0.391136688,0.613646709,-0.262912604,0.0808
0.383166467,-0.915368399,1.930749029,-0.391136688,-1.178426556,0.353568053,0.0959
0.383166467,-0.915368399,1.930749029,-0.391136688,-1.178426556,0.353568053,0.0599
1.106227415,1.263965689,-0.650456143,-0.391136688,-0.282389923,-0.797875159,0.1844
1.829288363,-0.915368399,0.150607531,-0.846847,-0.282389923,-0.538036204,0.0967
-1.062955428,1.263965689,0.150607531,-0.391136688,-0.73040824,-0.308766538,0.1214
-1.062955428,-0.604034958,1.930749029,-0.755704938,0.613646709,1.138179799,0.1212
-0.33989448,0.018631924,1.930749029,-0.846847,-0.73040824,0.124298387,0.1655
-0.701424954,0.018631924,-0.739463218,-0.391136688,1.509683342,0.506414497,0.19
-0.33989448,-0.604034958,-0.294427843,-0.391136688,-0.282389923,0.735684163,0.0907
1.829288363,0.018631924,-0.294427843,-0.755704938,-1.178426556,-1.281888898,0.056
0.383166467,-0.915368399,1.930749029,-0.391136688,-1.178426556,0.353568053,0.0924
-0.701424954,-0.604034958,0.150607531,1.88741487,-1.178426556,0.837581793,0.1319
-1.062955428,1.263965689,-0.650456143,-0.391136688,-0.282389923,-0.797875159,0.073
-0.33989448,1.263965689,-0.650456143,-0.391136688,-0.282389923,-0.797875159,0.2003
-0.33989448,1.263965689,-0.650456143,0.064573623,-1.178426556,-0.797875159,0.1842
1.829288363,-0.915368399,0.150607531,-0.846847,-0.282389923,-0.538036204,0.092
0.383166467,-1.226701841,-0.294427843,1.88741487,-0.73040824,0.608312127,0.0305
0.383166467,-0.915368399,1.930749029,-0.391136688,-1.178426556,0.353568053,0.0804
0.383166467,0.018631924,0.150607531,0.064573623,0.613646709,-0.334240945,0.0623
-0.33989448,1.263965689,-0.650456143,-0.391136688,-0.282389923,-0.797875159,0.1642
-0.33989448,-0.604034958,-0.294427843,-0.391136688,-0.282389923,0.735684163,0.0866
-0.33989448,1.263965689,-0.650456143,0.064573623,-1.178426556,-0.797875159,0.1792
-0.701424954,0.018631924,-0.739463218,-0.391136688,1.509683342,0.506414497,0.186
1.829288363,-1.226701841,-0.650456143,-0.391136688,0.613646709,-0.262912604,0.0647
-0.33989448,1.263965689,-0.650456143,0.064573623,-1.178426556,-0.797875159,0.1585
0.383166467,0.018631924,0.150607531,0.064573623,0.613646709,-0.334240945,0.0775
-1.062955428,-1.226701841,-0.739463218,-0.846847,-1.178426556,1.805609272,0.0426
1.829288363,-0.604034958,-0.739463218,0.064573623,-0.73040824,-0.792780277,0.0917
-0.33989448,1.263965689,-0.650456143,-0.391136688,-0.282389923,-0.797875159,0.2168
-0.33989448,1.263965689,-0.650456143,0.064573623,-1.178426556,-0.797875159,0.1881
-0.33989448,0.018631924,1.930749029,-0.846847,-0.73040824,0.124298387,0.1835
-1.062955428,1.263965689,0.150607531,-0.391136688,-0.73040824,-0.308766538,0.2206
-0.33989448,1.263965689,-0.650456143,0.064573623,-1.178426556,-0.797875159,0.186111111
0.383166467,-0.604034958,-0.650456143,-0.846847,1.509683342,0.27204995,0.0339
-0.701424954,0.018631924,-0.739463218,-0.391136688,1.509683342,0.506414497,0.119
1.106227415,1.263965689,-0.650456143,-0.391136688,-0.282389923,-0.797875159,0.1855
0.383166467,1.263965689,-0.739463218,-0.755704938,-0.282389923,-1.256414491,0.1265
-1.062955428,0.018631924,-0.650456143,1.88741487,-0.282389923,0.628691653,0.1399
1.829288363,0.018631924,-0.294427843,-0.755704938,-1.178426556,-1.281888898,0.1603
-0.33989448,-0.604034958,-0.294427843,-0.391136688,-0.282389923,0.735684163,0.0795
-0.33989448,-0.915368399,-0.739463218,1.88741487,0.613646709,0.888530607,0.0836
-0.33989448,1.263965689,-0.650456143,-0.755704938,-0.282389923,-0.797875159,0.1358
0.383166467,1.263965689,-0.650456143,-0.391136688,-0.282389923,-0.797875159,0.1762
1.829288363,-0.604034958,-0.739463218,0.064573623,-0.73040824,-0.792780277,0.1091
0.383166467,-0.915368399,1.930749029,-0.391136688,-1.178426556,0.353568053,0.0563
-1.062955428,-1.226701841,-0.739463218,-0.846847,-1.178426556,1.805609272,0.0374
-0.701424954,-0.604034958,0.150607531,1.88741487,-1.178426556,0.837581793,0.1249
-0.33989448,-0.915368399,-0.739463218,1.88741487,0.613646709,0.888530607,0.0381
-0.701424954,-0.604034958,0.150607531,1.88741487,-1.178426556,0.837581793,0.075
1.829288363,1.263965689,1.930749029,1.88741487,1.509683342,-2.575988791,0.0573
0.383166467,1.263965689,-0.739463218,-0.755704938,-0.282389923,-1.256414491,0.1053
0.383166467,1.263965689,-0.739463218,-0.755704938,-0.282389923,-1.256414491,0.1122
1.829288363,1.263965689,1.930749029,1.88741487,1.509683342,-2.575988791,0.0537
0.383166467,0.018631924,0.150607531,0.064573623,0.613646709,-0.334240945,0.1336
-0.701424954,1.263965689,-0.294427843,-0.846847,0.613646709,-0.512561796,0.1219
-1.062955428,0.018631924,-0.650456143,1.88741487,-0.282389923,0.628691653,0.1326
-0.33989448,1.263965689,-0.650456143,0.064573623,-0.282389923,-0.797875159,0.190877778
-0.33989448,-1.226701841,0.150607531,-0.755704938,1.509683342,1.240077429,0.0267
-1.062955428,-0.915368399,-0.294427843,0.064573623,1.509683342,1.474441976,0.0899
1.829288363,-0.915368399,0.150607531,-0.846847,-0.282389923,-0.538036204,0.0692
0.383166467,-0.915368399,1.930749029,-0.391136688,-1.178426556,0.353568053,0.0966
1.829288363,1.263965689,1.930749029,1.88741487,1.509683342,-2.575988791,0.0462
-0.701424954,-1.226701841,1.930749029,0.064573623,-0.282389923,1.34706994,0.0501
-1.062955428,1.263965689,-0.650456143,-0.391136688,-0.282389923,-0.797875159,0.0826
1.829288363,-1.226701841,-0.650456143,-0.391136688,0.613646709,-0.262912604,0.0259
0.383166467,-0.915368399,1.930749029,-0.391136688,-1.178426556,0.353568053,0.0581
-0.33989448,0.018631924,1.930749029,-0.846847,-0.73040824,0.124298387,0.0906
-1.062955428,0.018631924,-0.650456143,1.88741487,-0.282389923,0.628691653,0.1952
1.829288363,-0.915368399,0.150607531,-0.846847,-0.282389923,-0.538036204,0.0707
0.383166467,-0.604034958,-0.650456143,-0.846847,1.509683342,0.27204995,0.1425
-0.701424954,1.263965689,-0.294427843,-0.846847,0.613646709,-0.512561796,0.13
-0.33989448,1.263965689,-0.650456143,-0.391136688,-0.282389923,-0.797875159,0.1759
-0.33989448,0.018631924,1.930749029,-0.846847,-0.73040824,0.124298387,0.1342
-0.33989448,0.018631924,1.930749029,-0.846847,-0.73040824,0.124298387,0.1323
0.383166467,-1.226701841,-0.294427843,1.88741487,-0.73040824,0.608312127,0.0174
-0.33989448,1.263965689,-0.650456143,0.064573623,-1.178426556,-0.797875159,0.1918
-0.701424954,-0.915368399,-0.650456143,-0.755704938,-0.73040824,1.285931362,0.1639
-0.701424954,-0.915368399,-0.650456143,-0.755704938,-0.73040824,1.285931362,0.1203
0.383166467,0.018631924,0.150607531,0.064573623,0.613646709,-0.334240945,0.1289
-1.062955428,-1.226701841,-0.739463218,-0.846847,-1.178426556,1.805609272,0.0496
-1.062955428,0.018631924,-0.650456143,1.88741487,-0.282389923,0.628691653,0.1777
0.383166467,1.263965689,-0.739463218,-0.755704938,-0.282389923,-1.256414491,0.169
-0.33989448,1.263965689,-0.650456143,0.064573623,-1.178426556,-0.797875159,0.1572
-0.33989448,1.263965689,0.150607531,0.064573623,-0.282389923,-0.797875159,0.1486
-0.33989448,1.263965689,-0.650456143,-0.391136688,-0.282389923,-0.797875159,0.19
-0.701424954,-1.226701841,1.930749029,0.064573623,-0.282389923,1.34706994,0.0498
-0.33989448,0.018631924,1.930749029,-0.846847,-0.73040824,0.124298387,0.1627
-0.33989448,-1.226701841,0.150607531,-0.755704938,1.509683342,1.240077429,0.0222
1.829288363,-1.226701841,-0.650456143,-0.391136688,0.613646709,-0.262912604,0.0562
-1.062955428,0.018631924,-0.650456143,1.88741487,-0.282389923,0.628691653,0.1815
-0.33989448,-1.226701841,0.150607531,-0.755704938,1.509683342,1.240077429,0.0753
1.829288363,-0.915368399,0.150607531,-0.846847,-0.282389923,-0.538036204,0.081
-0.33989448,1.263965689,3.710890527,0.064573623,-0.282389923,-0.797875159,0.1528
-0.701424954,-0.915368399,-0.650456143,-0.755704938,-0.73040824,1.285931362,0.0558
-0.33989448,-0.604034958,-0.294427843,-0.391136688,-0.282389923,0.735684163,0.129
-0.701424954,1.263965689,-0.294427843,-0.846847,0.613646709,-0.512561796,0.1429
-0.701424954,0.018631924,-0.739463218,-0.391136688,1.509683342,0.506414497,0.1213
-0.701424954,1.263965689,-0.294427843,-0.846847,0.613646709,-0.512561796,0.1289
-0.33989448,1.263965689,-0.650456143,0.064573623,0.613646709,-0.797875159,0.128
1.829288363,-1.226701841,-0.650456143,-0.391136688,0.613646709,-0.262912604,0.0777
-0.33989448,0.018631924,1.930749029,-0.846847,-0.73040824,0.124298387,0.1302
-1.062955428,-0.604034958,1.930749029,-0.755704938,0.613646709,1.138179799,0.1114
-0.33989448,1.263965689,-0.650456143,0.064573623,-1.178426556,-0.797875159,0.219
-1.062955428,1.263965689,0.150607531,-0.391136688,-0.73040824,-0.308766538,0.1301
-0.33989448,1.263965689,-0.650456143,0.064573623,-1.178426556,-0.797875159,0.1721
-1.062955428,-0.915368399,-0.294427843,0.064573623,1.509683342,1.474441976,0.0947
-1.062955428,-0.604034958,1.930749029,-0.755704938,0.613646709,1.138179799,0.149
1.829288363,1.263965689,1.930749029,1.88741487,1.509683342,-2.575988791,0.0278
-1.062955428,-1.226701841,-0.739463218,-0.846847,-1.178426556,1.805609272,0.0512
-1.062955428,-0.604034958,1.930749029,-0.755704938,0.613646709,1.138179799,0.1118
1.829288363,-0.604034958,-0.739463218,0.064573623,-0.73040824,-0.792780277,0.0699
-0.33989448,1.263965689,3.710890527,0.064573623,-0.282389923,-0.797875159,0.19
1.829288363,1.263965689,1.930749029,1.88741487,1.509683342,-2.575988791,0.0352
-0.33989448,1.263965689,0.150607531,0.064573623,-0.282389923,-0.797875159,0.0988
1.829288363,-0.604034958,-0.739463218,0.064573623,-0.73040824,-0.792780277,0.0814
-0.701424954,0.018631924,-0.739463218,-0.391136688,1.509683342,0.506414497,0.1768
-1.062955428,1.263965689,0.150607531,-0.391136688,-0.73040824,-0.308766538,0.0668
0.383166467,1.263965689,-0.739463218,-0.755704938,-0.282389923,-1.256414491,0.1548
0.383166467,1.263965689,-0.739463218,-0.755704938,-0.282389923,-1.256414491,0.1393
-0.33989448,1.263965689,-0.650456143,0.064573623,1.509683342,-0.797875159,0.0577
-0.33989448,1.263965689,-0.650456143,0.064573623,-1.178426556,-0.797875159,0.1695
-0.33989448,-1.226701841,0.150607531,-0.755704938,1.509683342,1.240077429,0.0278
-0.33989448,1.263965689,-0.650456143,-0.391136688,-0.282389923,-0.797875159,0.144
1.829288363,0.018631924,-0.294427843,-0.755704938,-1.178426556,-1.281888898,0.0857
-1.062955428,0.018631924,-0.650456143,1.88741487,-0.282389923,0.628691653,0.1808
-0.33989448,-1.226701841,0.150607531,-0.755704938,1.509683342,1.240077429,0.0231
-0.701424954,-0.604034958,0.150607531,1.88741487,-1.178426556,0.837581793,0.1301
-0.33989448,1.263965689,3.710890527,0.064573623,-0.282389923,-0.797875159,0.1465
-0.701424954,-0.604034958,0.150607531,1.88741487,-1.178426556,0.837581793,0.0787
1.829288363,1.263965689,1.930749029,1.88741487,1.509683342,-2.575988791,0.0345
0.383166467,-1.226701841,-0.294427843,1.88741487,-0.73040824,0.608312127,0.0542
-0.701424954,-0.604034958,0.150607531,1.88741487,-1.178426556,0.837581793,0.1293
-0.701424954,1.263965689,-0.294427843,-0.846847,0.613646709,-0.512561796,0.16
0.383166467,-0.604034958,-0.650456143,-0.846847,1.509683342,0.27204995,0.1332
-1.062955428,-0.604034958,1.930749029,-0.755704938,0.613646709,1.138179799,0.1051
-0.701424954,1.263965689,-0.294427843,-0.846847,0.613646709,-0.512561796,0.1868
-0.33989448,1.263965689,-0.650456143,0.064573623,-0.282389923,-0.797875159,0.1863
1.829288363,1.263965689,1.930749029,1.88741487,1.509683342,-2.575988791,0.0357
-0.33989448,1.263965689,-0.650456143,0.064573623,-0.282389923,-0.797875159,0.2187
-0.33989448,1.263965689,-0.739463218,0.064573623,-0.282389923,-0.797875159,0.0954
-0.33989448,1.263965689,-0.650456143,-0.391136688,-0.282389923,-0.797875159,0.1935
-0.33989448,1.263965689,-0.650456143,0.064573623,-1.178426556,-0.797875159,0.2199
-0.33989448,1.263965689,-0.650456143,0.064573623,4.197793241,-0.797875159,0.0339
-0.33989448,1.263965689,-0.739463218,0.064573623,-0.282389923,-0.797875159,0.1016
-0.33989448,1.263965689,-0.650456143,-0.755704938,-0.282389923,-0.797875159,0.1098
0.383166467,-0.915368399,1.930749029,-0.391136688,-1.178426556,0.353568053,0.0979
-0.33989448,1.263965689,-0.650456143,0.064573623,-1.178426556,-0.797875159,0.162
1.829288363,-1.226701841,-0.650456143,-0.391136688,0.613646709,-0.262912604,0.0795
-1.062955428,0.018631924,-0.650456143,1.88741487,-0.282389923,0.628691653,0.1518
-0.701424954,-0.604034958,0.150607531,1.88741487,-1.178426556,0.837581793,0.1225
0.383166467,-1.226701841,-0.294427843,1.88741487,-0.73040824,0.608312127,0.0166
0.383166467,1.263965689,-0.739463218,-0.755704938,-0.282389923,-1.256414491,0.0927
0.383166467,0.018631924,0.150607531,0.064573623,0.613646709,-0.334240945,0.1425
-1.062955428,-0.604034958,1.930749029,-0.755704938,0.613646709,1.138179799,0.1561
1.829288363,-0.604034958,-0.739463218,0.064573623,-0.73040824,-0.792780277,0.0887
-0.33989448,1.263965689,-0.650456143,0.064573623,1.509683342,-0.797875159,0.0488
0.383166467,-1.226701841,-0.294427843,1.88741487,-0.73040824,0.608312127,0.0215
-0.701424954,0.018631924,-0.739463218,-0.391136688,1.509683342,0.506414497,0.099
1.829288363,-0.604034958,-0.739463218,0.064573623,-0.73040824,-0.792780277,0.1106
0.383166467,-0.604034958,-0.650456143,-0.846847,1.509683342,0.27204995,0.1339
-0.33989448,1.263965689,-0.650456143,0.064573623,-1.178426556,-0.797875159,0.2123
0.383166467,-0.604034958,-0.650456143,-0.846847,1.509683342,0.27204995,0.1417
-0.33989448,0.018631924,1.930749029,-0.846847,-0.73040824,0.124298387,0.1611
-0.33989448,1.263965689,-0.650456143,0.064573623,4.197793241,-0.797875159,0.0339
0.383166467,-1.226701841,-0.294427843,1.88741487,-0.73040824,0.608312127,0.0185
-1.062955428,1.263965689,0.150607531,-0.391136688,-0.73040824,-0.308766538,0.1871
-0.33989448,1.263965689,-0.650456143,-0.846847,-0.282389923,-0.797875159,0.0381
-0.33989448,1.263965689,-0.650456143,-0.391136688,-0.282389923,-0.797875159,0.2145
1.829288363,-0.604034958,-0.739463218,0.064573623,-0.73040824,-0.792780277,0.0607
-1.062955428,-1.226701841,-0.739463218,-0.846847,-1.178426556,1.805609272,0.0485
-0.33989448,1.263965689,-0.650456143,0.064573623,-1.178426556,-0.797875159,0.163
-0.701424954,1.263965689,-0.294427843,-0.846847,0.613646709,-0.512561796,0.1743
1.829288363,-0.604034958,-0.739463218,0.064573623,-0.73040824,-0.792780277,0.046
0.383166467,0.018631924,0.150607531,0.064573623,0.613646709,-0.334240945,0.0989
-0.701424954,0.018631924,-0.739463218,-0.391136688,1.509683342,0.506414497,0.1631
1.829288363,-0.915368399,0.150607531,-0.846847,-0.282389923,-0.538036204,0.0607
-1.062955428,0.018631924,-0.650456143,1.88741487,-0.282389923,0.628691653,0.1875
0.383166467,1.263965689,-0.739463218,-0.755704938,-0.282389923,-1.256414491,0.1382
-0.701424954,-0.604034958,0.150607531,1.88741487,-1.178426556,0.837581793,0.1195
-0.33989448,0.018631924,1.930749029,-0.846847,-0.73040824,0.124298387,0.1078
-0.701424954,-0.604034958,0.150607531,1.88741487,-1.178426556,0.837581793,0.13
-0.701424954,-1.226701841,1.930749029,0.064573623,-0.282389923,1.34706994,0.053
-0.33989448,-1.226701841,0.150607531,-0.755704938,1.509683342,1.240077429,0.0309
-0.33989448,-0.915368399,-0.739463218,1.88741487,0.613646709,0.888530607,0.0651
-0.33989448,1.263965689,-0.650456143,-0.391136688,-0.282389923,-0.797875159,0.1476
-1.062955428,1.263965689,0.150607531,-0.391136688,-0.73040824,-0.308766538,0.1494
-0.33989448,1.263965689,-0.650456143,0.064573623,-0.282389923,-0.797875159,0.189
0.383166467,0.018631924,0.150607531,0.064573623,0.613646709,-0.334240945,0.1253
-0.701424954,-0.604034958,0.150607531,1.88741487,-1.178426556,0.837581793,0.1212
3.275410258,1.263965689,-0.650456143,-0.391136688,-0.282389923,-0.797875159,0.0675
1.829288363,0.018631924,-0.294427843,-0.755704938,-1.178426556,-1.281888898,0.1385
-0.33989448,0.018631924,1.930749029,-0.846847,-0.73040824,0.124298387,0.1422
-0.33989448,1.263965689,-0.650456143,-0.755704938,-0.282389923,-0.797875159,0.1226
0.383166467,-1.226701841,-0.294427843,1.88741487,-0.73040824,0.608312127,0.0327
-0.33989448,1.263965689,-0.650456143,0.064573623,0.613646709,-0.797875159,0.1624
-0.701424954,-0.604034958,0.150607531,1.88741487,-1.178426556,0.837581793,0.029
-1.062955428,1.263965689,0.150607531,-0.391136688,-0.73040824,-0.308766538,0.2105
-1.062955428,0.018631924,-0.650456143,1.88741487,-0.282389923,0.628691653,0.1067
-0.701424954,-1.226701841,1.930749029,0.064573623,-0.282389923,1.34706994,0.0239
1.829288363,0.018631924,-0.294427843,-0.755704938,-1.178426556,-1.281888898,0.0589
-0.701424954,-0.915368399,-0.650456143,-0.755704938,-0.73040824,1.285931362,0.0704
1.106227415,1.263965689,-0.650456143,-0.391136688,-0.282389923,-0.797875159,0.1749
-0.701424954,-0.915368399,-0.650456143,-0.755704938,-0.73040824,1.285931362,0.1219
-0.701424954,1.263965689,-0.294427843,-0.846847,0.613646709,-0.512561796,0.196
-1.062955428,-0.915368399,-0.294427843,0.064573623,1.509683342,1.474441976,0.106
-1.062955428,-0.915368399,-0.294427843,0.064573623,1.509683342,1.474441976,0.1238
1.829288363,-1.226701841,-0.650456143,-0.391136688,0.613646709,-0.262912604,0.0627
1.829288363,1.263965689,1.930749029,1.88741487,1.509683342,-2.575988791,0.0509
-0.701424954,-0.915368399,-0.650456143,-0.755704938,-0.73040824,1.285931362,0.1204
0.383166467,1.263965689,-0.739463218,-0.755704938,-0.282389923,-1.256414491,0.1387
-0.701424954,-0.915368399,-0.650456143,-0.755704938,-0.73040824,1.285931362,0.0904
-0.33989448,-0.915368399,-0.739463218,1.88741487,0.613646709,0.888530607,0.041
1.829288363,0.018631924,-0.294427843,-0.755704938,-1.178426556,-1.281888898,0.0706
-1.062955428,0.018631924,-0.650456143,1.88741487,-0.282389923,0.628691653,0.1165
1.829288363,0.018631924,-0.294427843,-0.755704938,-1.178426556,-1.281888898,0.0883
0.383166467,0.018631924,0.150607531,0.064573623,0.613646709,-0.334240945,0.0986
0.383166467,-0.915368399,1.930749029,-0.391136688,-1.178426556,0.353568053,0.1114
1.829288363,-1.226701841,-0.650456143,-0.391136688,0.613646709,-0.262912604,0.0314
1.829288363,-0.604034958,-0.739463218,0.064573623,-0.73040824,-0.792780277,0.0905
-0.33989448,-1.226701841,0.150607531,-0.755704938,1.509683342,1.240077429,0.0236
1.829288363,-0.604034958,-0.739463218,0.064573623,-0.73040824,-0.792780277,0.1168
-0.33989448,-0.604034958,-0.294427843,-0.391136688,-0.282389923,0.735684163,0.1419
1.829288363,-1.226701841,-0.650456143,-0.391136688,0.613646709,-0.262912604,0.0892
-1.062955428,0.018631924,-0.650456143,1.88741487,-0.282389923,0.628691653,0.1341
-1.062955428,-0.604034958,1.930749029,-0.755704938,0.613646709,1.138179799,0.0824
1.829288363,-1.226701841,-0.650456143,-0.391136688,0.613646709,-0.262912604,0.0533
-0.33989448,1.263965689,-0.650456143,0.064573623,-1.178426556,-0.797875159,0.1799
-0.33989448,1.263965689,3.710890527,0.064573623,-0.282389923,-0.797875159,0.146
-1.062955428,1.263965689,0.150607531,-0.391136688,-0.73040824,-0.308766538,0.1836
-0.33989448,1.263965689,-0.650456143,0.064573623,-1.178426556,-0.797875159,0.153
0.383166467,1.263965689,-0.739463218,-0.755704938,-0.282389923,-1.256414491,0.1424
0.383166467,-0.604034958,-0.650456143,-0.846847,1.509683342,0.27204995,0.0783
1.829288363,-1.226701841,-0.650456143,-0.391136688,0.613646709,-0.262912604,0.0746
1.829288363,-1.226701841,-0.650456143,-0.391136688,0.613646709,-0.262912604,0.0781
-1.062955428,-0.915368399,-0.294427843,0.064573623,1.509683342,1.474441976,0.1182
-0.33989448,-1.226701841,0.150607531,-0.755704938,1.509683342,1.240077429,0.0514
1.829288363,1.263965689,1.930749029,1.88741487,1.509683342,-2.575988791,0.0605
1.829288363,-0.604034958,-0.739463218,0.064573623,-0.73040824,-0.792780277,0.0546
1.829288363,-0.604034958,-0.739463218,0.064573623,-0.73040824,-0.792780277,0.0584
-0.33989448,-1.226701841,0.150607531,-0.755704938,1.509683342,1.240077429,0.038
-1.062955428,-0.604034958,1.930749029,-0.755704938,0.613646709,1.138179799,0.1478
1.106227415,1.263965689,-0.650456143,-0.391136688,-0.282389923,-0.797875159,0.1432
-0.33989448,1.263965689,-0.650456143,-0.846847,-0.282389923,-0.797875159,0.062
1.829288363,-0.604034958,-0.739463218,0.064573623,-0.73040824,-0.792780277,0.1253
-0.701424954,0.018631924,-0.739463218,-0.391136688,1.509683342,0.506414497,0.151
-0.33989448,0.018631924,1.930749029,-0.846847,-0.73040824,0.124298387,0.1185
0.383166467,-1.226701841,-0.294427843,1.88741487,-0.73040824,0.608312127,0.0241
0.383166467,-1.226701841,-0.294427843,1.88741487,-0.73040824,0.608312127,0.0434
-0.33989448,1.263965689,0.150607531,0.064573623,-0.282389923,-0.797875159,0.1714
-1.062955428,-0.915368399,-0.294427843,0.064573623,1.509683342,1.474441976,0.0916
-1.062955428,1.263965689,0.150607531,-0.391136688,-0.73040824,-0.308766538,0.1812
-1.062955428,-1.226701841,-0.739463218,-0.846847,-1.178426556,1.805609272,0.0305
0.383166467,1.263965689,-0.739463218,-0.755704938,-0.282389923,-1.256414491,0.1437
1.829288363,-0.915368399,0.150607531,-0.846847,-0.282389923,-0.538036204,0.071
1.829288363,-0.915368399,0.150607531,-0.846847,-0.282389923,-0.538036204,0.08
0.383166467,-1.226701841,-0.294427843,1.88741487,-0.73040824,0.608312127,0.0219
-1.062955428,0.018631924,-0.650456143,1.88741487,-0.282389923,0.628691653,0.1599
-1.062955428,-1.226701841,-0.739463218,-0.846847,-1.178426556,1.805609272,0.0519
-0.33989448,1.263965689,-0.650456143,0.064573623,-1.178426556,-0.797875159,0.1676
-0.701424954,-0.604034958,0.150607531,1.88741487,-1.178426556,0.837581793,0.0809
1.829288363,0.018631924,-0.294427843,-0.755704938,-1.178426556,-1.281888898,0.0628
0.383166467,-1.226701841,-0.294427843,1.88741487,-0.73040824,0.608312127,0.04
-0.33989448,1.263965689,-0.739463218,0.064573623,-0.282389923,-0.797875159,0.083
-1.062955428,-0.915368399,-0.294427843,0.064573623,1.509683342,1.474441976,0.052
-0.701424954,0.018631924,-0.739463218,-0.391136688,1.509683342,0.506414497,0.1846
-0.33989448,1.263965689,0.150607531,0.064573623,-0.282389923,-0.797875159,0.1866
-0.33989448,1.263965689,-0.650456143,0.064573623,-1.178426556,-0.797875159,0.122
-0.33989448,1.263965689,-0.739463218,0.064573623,-0.282389923,-0.797875159,0.1453
1.829288363,-0.915368399,0.150607531,-0.846847,-0.282389923,-0.538036204,0.0763
-0.33989448,-0.604034958,-0.294427843,-0.391136688,-0.282389923,0.735684163,0.1382
1.829288363,-1.226701841,-0.650456143,-0.391136688,0.613646709,-0.262912604,0.027
-0.33989448,0.018631924,1.930749029,-0.846847,-0.73040824,0.124298387,0.1073
-1.062955428,0.018631924,-0.650456143,1.88741487,-0.282389923,0.628691653,0.1666
-1.062955428,-1.226701841,-0.739463218,-0.846847,-1.178426556,1.805609272,0.0456
1.829288363,1.263965689,1.930749029,1.88741487,1.509683342,-2.575988791,0.0274
-0.701424954,1.263965689,-0.294427843,-0.846847,0.613646709,-0.512561796,0.183
-0.33989448,1.263965689,-0.739463218,0.064573623,-0.282389923,-0.797875159,0.0941
0.383166467,-0.915368399,1.930749029,-0.391136688,-1.178426556,0.353568053,0.0558
-0.701424954,0.018631924,-0.739463218,-0.391136688,1.509683342,0.506414497,0.1435
-0.33989448,1.263965689,-0.650456143,0.064573623,1.509683342,-0.797875159,0.0588
-0.33989448,0.018631924,1.930749029,-0.846847,-0.73040824,0.124298387,0.1329
3.275410258,1.263965689,-0.650456143,-0.391136688,-0.282389923,-0.797875159,0.0552
-1.062955428,-0.604034958,1.930749029,-0.755704938,0.613646709,1.138179799,0.1333
0.383166467,0.018631924,0.150607531,0.064573623,0.613646709,-0.334240945,0.0347
-0.33989448,1.263965689,-0.650456143,0.064573623,1.509683342,-0.797875159,0.0548
-0.33989448,1.263965689,-0.650456143,-0.391136688,-0.282389923,-0.797875159,0.1864
-1.062955428,1.263965689,-0.650456143,-0.391136688,-0.282389923,-0.797875159,0.0666
-0.701424954,1.263965689,-0.294427843,-0.846847,0.613646709,-0.512561796,0.1612
0.383166467,-1.226701841,-0.294427843,1.88741487,-0.73040824,0.608312127,0.0451
0.383166467,-0.915368399,1.930749029,-0.391136688,-1.178426556,0.353568053,0.1002
-0.33989448,-0.915368399,-0.739463218,1.88741487,0.613646709,0.888530607,0.0726
-0.33989448,1.263965689,-0.650456143,0.064573623,0.613646709,-0.797875159,0.1464
-0.33989448,1.263965689,-0.650456143,0.064573623,4.197793241,-0.797875159,0.0524
-0.33989448,-0.604034958,-0.294427843,-0.391136688,-0.282389923,0.735684163,0.0957
0.383166467,0.018631924,0.150607531,0.064573623,0.613646709,-0.334240945,0.1274
-0.33989448,-1.226701841,0.150607531,-0.755704938,1.509683342,1.240077429,0.0246
-0.33989448,1.263965689,-0.650456143,0.064573623,0.613646709,-0.797875159,0.1806
1.829288363,-0.915368399,0.150607531,-0.846847,-0.282389923,-0.538036204,0.056
-0.701424954,1.263965689,-0.294427843,-0.846847,0.613646709,-0.512561796,0.1725
1.829288363,-1.226701841,-0.650456143,-0.391136688,0.613646709,-0.262912604,0.0598
-0.701424954,0.018631924,-0.739463218,-0.391136688,1.509683342,0.506414497,0.1397
-0.701424954,-1.226701841,1.930749029,0.064573623,-0.282389923,1.34706994,0.0185
-0.701424954,-0.604034958,0.150607531,1.88741487,-1.178426556,0.837581793,0.0895
0.383166467,-0.915368399,1.930749029,-0.391136688,-1.178426556,0.353568053,0.0891
1.829288363,-0.915368399,0.150607531,-0.846847,-0.282389923,-0.538036204,0.032
-1.062955428,1.263965689,-0.650456143,-0.391136688,-0.282389923,-0.797875159,0.09
1.829288363,-0.604034958,-0.739463218,0.064573623,-0.73040824,-0.792780277,0.0836
-0.33989448,-1.226701841,0.150607531,-0.755704938,1.509683342,1.240077429,0.068
-1.062955428,-0.604034958,1.930749029,-0.755704938,0.613646709,1.138179799,0.0843
-1.062955428,0.018631924,-0.650456143,1.88741487,-0.282389923,0.628691653,0.1429
-1.062955428,-0.604034958,1.930749029,-0.755704938,0.613646709,1.138179799,0.1075
-0.33989448,1.263965689,-0.650456143,0.064573623,-1.178426556,-0.797875159,0.1952
0.383166467,1.263965689,-0.739463218,-0.755704938,-0.282389923,-1.256414491,0.1415
-0.33989448,0.018631924,1.930749029,-0.846847,-0.73040824,0.124298387,0.0992
0.383166467,-1.226701841,-0.294427843,1.88741487,-0.73040824,0.608312127,0.0374
0.383166467,-0.604034958,-0.650456143,-0.846847,1.509683342,0.27204995,0.0835
-0.701424954,-0.915368399,-0.650456143,-0.755704938,-0.73040824,1.285931362,0.1338
-0.33989448,-0.604034958,-0.294427843,-0.391136688,-0.282389923,0.735684163,0.087
0.383166467,0.018631924,0.150607531,0.064573623,0.613646709,-0.334240945,0.1345
-0.33989448,-0.915368399,-0.739463218,1.88741487,0.613646709,0.888530607,0.0704
-1.062955428,1.263965689,0.150607531,-0.391136688,-0.73040824,-0.308766538,0.179
-0.701424954,0.018631924,-0.739463218,-0.391136688,1.509683342,0.506414497,0.1621
-0.33989448,1.263965689,-0.650456143,0.064573623,-1.178426556,-0.797875159,0.1299
-1.062955428,0.018631924,-0.650456143,1.88741487,-0.282389923,0.628691653,0.1122
-0.33989448,-0.604034958,-0.294427843,-0.391136688,-0.282389923,0.735684163,0.1467
0.383166467,1.263965689,-0.739463218,-0.755704938,-0.282389923,-1.256414491,0.0916
-0.701424954,-0.915368399,-0.650456143,-0.755704938,-0.73040824,1.285931362,0.0728
-0.33989448,-0.604034958,-0.294427843,-0.391136688,-0.282389923,0.735684163,0.0625
0.383166467,1.263965689,-0.739463218,-0.755704938,-0.282389923,-1.256414491,0.1245
-0.33989448,-0.604034958,-0.294427843,-0.391136688,-0.282389923,0.735684163,0.1433
0.383166467,-0.915368399,1.930749029,-0.391136688,-1.178426556,0.353568053,0.074
-0.33989448,1.263965689,-0.650456143,-0.846847,-0.282389923,-0.797875159,0.0775
-0.33989448,-0.915368399,-0.739463218,1.88741487,0.613646709,0.888530607,0.0854
0.383166467,1.263965689,-0.739463218,-0.755704938,-0.282389923,-1.256414491,0.1298
0.383166467,-0.915368399,1.930749029,-0.391136688,-1.178426556,0.353568053,0.101
0.383166467,-1.226701841,-0.294427843,1.88741487,-0.73040824,0.608312127,0.0545
-1.062955428,-0.915368399,-0.294427843,0.064573623,1.509683342,1.474441976,0.0933
-0.33989448,1.263965689,-0.650456143,-0.391136688,-0.282389923,-0.797875159,0.2003
-0.33989448,-1.226701841,0.150607531,-0.755704938,1.509683342,1.240077429,0.0331
1.829288363,-0.604034958,-0.739463218,0.064573623,-0.73040824,-0.792780277,0.0781
-0.701424954,-1.226701841,1.930749029,0.064573623,-0.282389923,1.34706994,0.0459
0.383166467,-1.226701841,-0.294427843,1.88741487,-0.73040824,0.608312127,0.0262
-1.062955428,-1.226701841,-0.739463218,-0.846847,-1.178426556,1.805609272,0.0571
-1.062955428,-0.604034958,1.930749029,-0.755704938,0.613646709,1.138179799,0.1166
0.383166467,-0.604034958,-0.650456143,-0.846847,1.509683342,0.27204995,0.1508
-0.701424954,-0.915368399,-0.650456143,-0.755704938,-0.73040824,1.285931362,0.1199
0.383166467,-0.604034958,-0.650456143,-0.846847,1.509683342,0.27204995,0.1015
-0.701424954,0.018631924,-0.739463218,-0.391136688,1.509683342,0.506414497,0.1745
-0.701424954,-0.915368399,-0.650456143,-0.755704938,-0.73040824,1.285931362,0.1172
1.829288363,-0.604034958,-0.739463218,0.064573623,-0.73040824,-0.792780277,0.0525
-0.33989448,-0.604034958,-0.294427843,-0.391136688,-0.282389923,0.735684163,0.093
-1.062955428,-0.915368399,-0.294427843,0.064573623,1.509683342,1.474441976,0.1033
1.829288363,-0.915368399,0.150607531,-0.846847,-0.282389923,-0.538036204,0.0481
0.383166467,0.018631924,0.150607531,0.064573623,0.613646709,-0.334240945,0.13
1.829288363,-0.915368399,0.150607531,-0.846847,-0.282389923,-0.538036204,0.0908
1.829288363,1.263965689,1.930749029,1.88741487,1.509683342,-2.575988791,0.0589
-1.062955428,1.263965689,0.150607531,-0.391136688,-0.73040824,-0.308766538,0.095
-1.062955428,1.263965689,0.150607531,-0.391136688,-0.73040824,-0.308766538,0.2047
-0.701424954,-0.915368399,-0.650456143,-0.755704938,-0.73040824,1.285931362,0.161
0.383166467,1.263965689,-0.739463218,-0.755704938,-0.282389923,-1.256414491,0.1108
-0.33989448,0.018631924,1.930749029,-0.846847,-0.73040824,0.124298387,0.1476
0.383166467,-1.226701841,-0.294427843,1.88741487,-0.73040824,0.608312127,0.0589
1.829288363,0.018631924,-0.294427843,-0.755704938,-1.178426556,-1.281888898,0.0732
-1.062955428,-0.915368399,-0.294427843,0.064573623,1.509683342,1.474441976,0.0913
-0.701424954,-0.604034958,0.150607531,1.88741487,-1.178426556,0.837581793,0.1434
-0.701424954,1.263965689,-0.294427843,-0.846847,0.613646709,-0.512561796,0.1701
-0.33989448,1.263965689,3.710890527,0.064573623,-0.282389923,-0.797875159,0.1488
-0.33989448,1.263965689,3.710890527,0.064573623,-0.282389923,-0.797875159,0.164
1.829288363,-1.226701841,-0.650456143,-0.391136688,0.613646709,-0.262912604,0.0783
-0.701424954,-1.226701841,1.930749029,0.064573623,-0.282389923,1.34706994,0.028
-0.33989448,-1.226701841,0.150607531,-0.755704938,1.509683342,1.240077429,0.0208
-0.33989448,1.263965689,-0.739463218,0.064573623,-0.282389923,-0.797875159,0.1342
-1.062955428,1.263965689,0.150607531,-0.391136688,-0.73040824,-0.308766538,0.2128
-0.701424954,-1.226701841,1.930749029,0.064573623,-0.282389923,1.34706994,0.0229
-0.33989448,-0.915368399,-0.739463218,1.88741487,0.613646709,0.888530607,0.0699
-1.062955428,1.263965689,0.150607531,-0.391136688,-0.73040824,-0.308766538,0.2037
-0.33989448,1.263965689,-0.650456143,0.064573623,0.613646709,-0.797875159,0.124
0.383166467,-0.604034958,-0.650456143,-0.846847,1.509683342,0.27204995,0.0802
0.383166467,0.018631924,0.150607531,0.064573623,0.613646709,-0.334240945,0.1283
0.383166467,-1.226701841,-0.294427843,1.88741487,-0.73040824,0.608312127,0.0315
-0.701424954,-0.604034958,0.150607531,1.88741487,-1.178426556,0.837581793,0.1147
-0.33989448,0.018631924,1.930749029,-0.846847,-0.73040824,0.124298387,0.1883
-1.062955428,0.018631924,-0.650456143,1.88741487,-0.282389923,0.628691653,0.0943
0.383166467,-0.604034958,-0.650456143,-0.846847,1.509683342,0.27204995,0.1029
-0.701424954,0.018631924,-0.739463218,-0.391136688,1.509683342,0.506414497,0.1039
-1.062955428,-1.226701841,-0.739463218,-0.846847,-1.178426556,1.805609272,0.0458
-1.062955428,-1.226701841,-0.739463218,-0.846847,-1.178426556,1.805609272,0.0655
0.383166467,-0.915368399,1.930749029,-0.391136688,-1.178426556,0.353568053,0.1064
-0.33989448,1.263965689,-0.650456143,0.064573623,-1.178426556,-0.797875159,0.203
0.383166467,-1.226701841,-0.294427843,1.88741487,-0.73040824,0.608312127,0.0562
0.383166467,-0.604034958,-0.650456143,-0.846847,1.509683342,0.27204995,0.1354
-0.701424954,0.018631924,-0.739463218,-0.391136688,1.509683342,0.506414497,0.1887
-0.33989448,-0.915368399,-0.739463218,1.88741487,0.613646709,0.888530607,0.1027
-0.701424954,-1.226701841,1.930749029,0.064573623,-0.282389923,1.34706994,0.0459
-0.701424954,-0.915368399,-0.650456143,-0.755704938,-0.73040824,1.285931362,0.147
0.383166467,-0.604034958,-0.650456143,-0.846847,1.509683342,0.27204995,0.1498
-1.062955428,-1.226701841,-0.739463218,-0.846847,-1.178426556,1.805609272,0.0455
-0.701424954,-0.915368399,-0.650456143,-0.755704938,-0.73040824,1.285931362,0.1515
-0.33989448,-0.915368399,-0.739463218,1.88741487,0.613646709,0.888530607,0.0874
-1.062955428,-0.604034958,1.930749029,-0.755704938,0.613646709,1.138179799,0.1284
-0.701424954,-0.604034958,0.150607531,1.88741487,-1.178426556,0.837581793,0.0773
0.383166467,1.263965689,-0.739463218,-0.755704938,-0.282389923,-1.256414491,0.1379
-0.33989448,-1.226701841,0.150607531,-0.755704938,1.509683342,1.240077429,0.0702
3.275410258,1.263965689,-0.650456143,-0.391136688,-0.282389923,-0.797875159,0.0404
0.383166467,-0.604034958,-0.650456143,-0.846847,1.509683342,0.27204995,0.1239
-0.701424954,-0.915368399,-0.650456143,-0.755704938,-0.73040824,1.285931362,0.1203
1.829288363,-1.226701841,-0.650456143,-0.391136688,0.613646709,-0.262912604,0.0756
-1.062955428,1.263965689,0.150607531,-0.391136688,-0.73040824,-0.308766538,0.1995
1.829288363,-0.915368399,0.150607531,-0.846847,-0.282389923,-0.538036204,0.0657
-1.062955428,-0.604034958,1.930749029,-0.755704938,0.613646709,1.138179799,0.0801
-1.062955428,-1.226701841,-0.739463218,-0.846847,-1.178426556,1.805609272,0.038
-0.33989448,-1.226701841,0.150607531,-0.755704938,1.509683342,1.240077429,0.0583
1.829288363,-0.604034958,-0.739463218,0.064573623,-0.73040824,-0.792780277,0.049
-0.33989448,1.263965689,-0.650456143,-0.391136688,-0.282389923,-0.797875159,0.157
-0.33989448,1.263965689,-0.650456143,0.064573623,1.509683342,-0.797875159,0.0822
1.829288363,1.263965689,1.930749029,1.88741487,1.509683342,-2.575988791,0.0516
1.829288363,-1.226701841,-0.650456143,-0.391136688,0.613646709,-0.262912604,0.0514
-0.33989448,0.018631924,1.930749029,-0.846847,-0.73040824,0.124298387,0.1087
-0.33989448,1.263965689,0.150607531,0.064573623,-0.282389923,-0.797875159,0.1907
0.383166467,-0.604034958,-0.650456143,-0.846847,1.509683342,0.27204995,0.026
-0.701424954,-0.604034958,0.150607531,1.88741487,-1.178426556,0.837581793,0.0586
